시군구명,상호명,도로명주소,위도,경도
강남구,나폴레옹제과점 대치점,서울 강남구 남부순환로 2911,37.492506278961,127.058031792202
강남구,달콤한인생,서울 강남구 테헤란로14길 31,37.49733875204655,127.03392002763738
강남구,끌레르봉봉,서울 강남구 논현로114길 8,37.50851027620185,127.0340755082656
강남구,육다시구,서울 강남구 논현로149길 40,37.51773966790988,127.02528490579573
강남구,지유가오카핫초메 선릉점,서울 강남구 테헤란로52길 16,37.502748306799845,127.0472777167518
강남구,21케이크,서울 강남구 논현로98길 26-7,37.50360125100218,127.03816392492375
강남구,크림라벨 신사점,서울 강남구 강남대로154길 37,37.5185034813301,127.021967426143
강남구,달꼬미 청담점,서울 강남구 선릉로138길 18,37.51929181962021,127.0420586740611
강남구,원더시티뉴욕컵케이크,서울 강남구 강남대로 556,37.51162890800106,127.0215016718395
강남구,달꼬미 논현점,서울 강남구 강남대로122길 30-10,37.5077808145126,127.025538286468
강남구,핑크멜로우 신사가로수길점,서울 강남구 강남대로158길 27,37.5194983849956,127.020886299785
강남구,야미케이크,서울 강남구 논현로151길 42,37.519767948143,127.024708681021
강남구,압구정망고,서울 강남구 언주로174길 29,37.528095551826524,127.03653032958506
강남구,디플로라 케이크스튜디오,서울 강남구 봉은사로26길 28,37.5052532456645,127.033717770603
강남구,강남고망고케익,서울 강남구 테헤란로4길 32,37.4963045125014,127.030170823798
강남구,화이티코,서울 강남구 학동로 342,37.516714519739836,127.04071568566157
강남구,서울케이크,서울 강남구 논현로97길 21,37.5028312759049,127.033951916697
강남구,켘켘,서울 강남구 압구정로2길 46,37.51878030385065,127.02078203111658
강남구,크림크림,서울 강남구 봉은사로71길 7,37.5126844231137,127.049870780549
강남구,두두케이크,서울 강남구 선릉로161길 15-4,37.52712441574258,127.03890107234218
강남구,랑랑케이크,서울 강남구 남부순환로363길 16,37.486504651046,127.038149572748
강남구,쿠모케이커리,서울 강남구 선릉로72길 48,37.5010717731406,127.055049419622
강남구,올루스,서울 강남구 논현로16길 25,37.47705662686259,127.04814335640938
강남구,모너트,서울 강남구 선릉로68길 7,37.499041222284255,127.05237113214687
강남구,씨와이 파티세리,서울 강남구 도산대로49길 10-6,37.5237144489159,127.037897010689
강남구,샌드앤케이크,서울 강남구 테헤란로70길 28,37.5037888964907,127.05376552073218
강남구,파티풀,서울 강남구 언주로 620,37.51161626449543,127.03634132518715
강남구,크렘드슈망,서울 강남구 논현로146길 43,37.5190533677525,127.032500038476
강남구,단꽃케이크,서울 강남구 압구정로54길 6,37.52753326924164,127.03950766771175
강남구,디어무드 더모먼트,서울 강남구 테헤란로55길 18,37.50573333873803,127.0472750751719
강남구,멜로드도산 현대백화점압구정본점,서울 강남구 압구정로 165,37.5273123830899,127.027254350458
강남구,멜로드도산 현대백화점 무역센터점,서울 강남구 테헤란로 517,37.50879654442485,127.05968213056065
강남구,다올,서울 강남구 학동로101길 11,37.5212639527548,127.057420576155
강남구,갸또올리비에,서울 강남구 선릉로89길 7,37.5034171417275,127.048783429814
강남구,터틀베어,서울 강남구 압구정로46길 5-6,37.5279809134215,127.037206802107
강남구,스윗써머,서울 강남구 테헤란로19길 23,37.5015350109486,127.032954989821
강남구,로얄케익,서울 강남구 선릉로161길 25,37.52740840376458,127.03837402945463
강남구,마몽드플라워,서울 강남구 남부순환로363길 12-29,37.4864630588819,127.038598436346
강남구,파타티파타타,서울 강남구 학동로 338,37.5165345107518,127.040155670787
강남구,달콤한시간,서울 강남구 학동로43길 38,37.5184579580569,127.038022174921
강남구,케이크만들기 단하나 신천점,서울 송파구 백제고분로7길 33,37.5109226057262,127.082630783986
강남구,폼즈케이크샵,서울 서초구 논현로31길 56,37.4804130609368,127.040469860427
강남구,백록담 디저트작업실,서울 서초구 양재천로13길 24,37.47576875172743,127.03649240923615
강남구,체리오오체리,서울 송파구 백제고분로15길 42,37.50913613460871,127.0848614752473
강남구,크리미숑,서울 서초구 강남대로 359,37.494799318551806,127.02860968978608
강동구,낸시스,서울 강동구 동남로75길 13-21,37.553318741925835,127.15547308883258
강동구,시에나블루,서울 강동구 천호대로 991,37.5392333336164,127.122662379231
강동구,스윗하나,서울 강동구 천호대로185길 89,37.5380150773792,127.142049241365
강동구,이상한나라의제과점,서울 강동구 풍성로61길 40,37.5303809841542,127.13818363399
강동구,써니88케이크,서울 강동구 상암로 12-8,37.550717681127,127.125031658172
강동구,고요케이크,서울 강동구 올림픽로60길 30,37.534956629624574,127.12405947033663
강동구,아로케이크,서울 강동구 구천면로17길 25,37.542901333219284,127.12349667809796
강동구,봉주아나,서울 강동구 성내로5길 11,37.5304569652534,127.12326346274
강동구,드리밍케이크,서울 강동구 천중로51길 52,37.5431437075591,127.144898021959
강동구,카페하이루,서울 강동구 강동대로53길 49,37.52510443750537,127.132132896517
강동구,카페아스노바,서울 강동구 양재대로 1500,37.5394904756317,127.140911496831
강동구,꿉,서울 강동구 양재대로102길 41,37.53234403945953,127.14066385420091
강동구,엠지엠지,서울 강동구 양재대로103길 29,37.533143207521,127.13606623196
강동구,모래시,서울 강동구 고덕로28길 10-10,37.55392874355477,127.13728212319992
강동구,스낵빌리지,서울 강동구 천호대로168가길 38,37.535408393121,127.130413197964
강동구,케이크지,서울 강동구 천호대로 1089,37.5366046083716,127.13311604746
강동구,버터썸,서울 강동구 천호대로158길 44,37.53563860689862,127.12583808205446
강동구,비하인드,서울 강동구 풍성로37가길 51,37.5327788252035,127.129182192137
강동구,앤드픽케이크,서울 강동구 양재대로102길 33,37.53231854400675,127.14013092486452
강동구,케키도리,서울 강동구 구천면로18길 28,37.5404335921266,127.122539879819
강동구,제뉴어리케이크,서울 강동구 양재대로136길 52,37.5482556557223,127.146614405515
강동구,러브포션,서울 강동구 상암로 14,37.5508642339825,127.12532387219
강동구,하스케이크,서울 강동구 천호대로219길 82,37.54945995811428,127.1709798833838
강동구,고고케이크,서울 강동구 동남로67길 24,37.5488186482671,127.154490537726
강동구,설앙케이크,서울 강동구 고덕로 88-5,37.554435268948,127.135579817595
강동구,얼로브케이크,서울 강동구 양재대로110길 18,37.5353899852572,127.140188717586
강동구,케케케이크,서울 강동구 천호대로158길 44,37.535638606905216,127.12583808205524
강동구,모어모어베이크샵,서울 송파구 풍성로26길 51,37.52971056582387,127.11652847511347
강동구,케이크림,서울 강동구 천호대로168길 41,37.5337902357359,127.132000004903
강동구,비스케,서울 강동구 성내로13길 33-5,37.5295813752947,127.127337115629
강동구,굽다람,서울 강동구 천호대로 1073,37.5365254370445,127.131402896297
강북구,오케이크 수유점,서울 강북구 도봉로87길 38,37.6391750484316,127.023861031037
강북구,카페문나잇,서울 강북구 솔매로50길 7,37.626135272714265,127.02714199496832
강북구,메이크스윗스윗,서울 강북구 도봉로95길 40,37.64214041762224,127.02698012602579
강북구,김미케이크,서울 강북구 노해로17길 49,37.6404101879369,127.019566142817
강북구,히치케이커,서울 강북구 한천로139가길 14,37.6401234212297,127.025598249113
강북구,CAKE LAB 케이크랩,서울 강북구 오현로6길 58,37.613947123191984,127.03262850392021
강북구,만월케이크,서울 강북구 노해로 113,37.6453810235511,127.023885678038
강북구,슈가플랜트케이크,서울 강북구 삼양로38길 18,37.62106204208265,127.02168380227235
강북구,키니베이크샵,서울 강북구 덕릉로41길 38,37.6367256006796,127.030275096703
강북구,벌스데이후,서울 강북구 솔매로46길 33,37.6247281543526,127.026153696477
강북구,더달다 과자점,서울 강북구 4.19로21길 18,37.644464302519,127.005651816826
강북구,하루당,서울 강북구 솔매로 122,37.6260022670623,127.025619460145
강북구,채이크,서울 강북구 삼양로89길 13,37.6359696925624,127.016564916859
강북구,다미베베,서울 강북구 솔매로50길 48,37.62437012136737,127.02764997032189
강북구,애정지수,서울 강북구 노해로11길 36,37.6389486120987,127.020614916567
강북구,한니베,서울 도봉구 우이천로 280-1,37.6434296818639,127.030837552424
강북구,매일이기념일,서울 도봉구 우이천로24길 69,37.646383644237204,127.03219964100444
강북구,제리당,서울 도봉구 도봉로109길 23,37.646805354494155,127.03201625789342
강북구,HAVE A CAKE DAY,서울 도봉구 도봉로109길 35-27,37.6458701685132,127.03188668262
강북구,케이크부름,서울 도봉구 도봉로114길 49,37.647639998756766,127.03703412002646
강북구,구뜨케이크,서울 도봉구 도봉로118길 34,37.6488049747319,127.037019967555
강북구,티끌,서울 도봉구 노해로 235,37.6513862193396,127.034276667844
강북구,햇쌀떡케이크,서울 도봉구 노해로60길 33,37.64977072397967,127.03438924169102
강북구,디카플이오,서울 도봉구 도당로 41,37.66159423132004,127.03467236419202
강북구,달콤달달,서울 도봉구 도봉로139길 56-16,37.66131550832959,127.0386026534471
강북구,오앤오케이크,서울 성북구 서경로18길 6,37.61036383552864,127.01506311738957
강북구,몽실디저트,서울 노원구 상계로3길 16,37.65698056305205,127.06248526712653
강북구,오케이크 노원점,서울 노원구 상계로3길 16,37.6570148033577,127.062479629455
강북구,샛별제과,서울 노원구 상계로1길 14-29,37.6573303288684,127.062135377319
강북구,숨케이크,서울 노원구 상계로1길 62-20,37.6584449376826,127.061956112308
강북구,행운빵집,서울 노원구 상계로5길 32,37.6571326519817,127.062818577459
강북구,달콤맘케이크,서울 성북구 오패산로 46,37.60712721677931,127.0367784611201
강북구,케이크구도씨,서울 노원구 상계로7길 7,37.65717011535194,127.06517582236087
강북구,유니유니,서울 성북구 동소문로 248,37.6034669674644,127.024556276607
강북구,쿠방플러스,서울 노원구 노원로26길 39,37.6521894288691,127.069992101599
강북구,샘케이크,서울 성북구 정릉로34길 11,37.60222212890534,127.01767515127864
강북구,마들케이크,서울 노원구 동일로 1550,37.66691727719822,127.05758247103189
강북구,화이트아떼,서울 노원구 노원로26길 69,37.653282654531,127.07094162991703
강북구,쥬롱쥬롱,서울 성북구 정릉로26길 51,37.603009330666545,127.01272877973877
강북구,시니나케이크,서울 노원구 노원로30길 44,37.6550033733019,127.069694433535
강북구,샤롱샤롱,서울 성북구 장월로1길 111,37.6043068245618,127.042980761331
강북구,비비케이크,서울 노원구 동일로231나길 23,37.6729781393368,127.051819824441
강북구,한드케이크,서울 노원구 공릉로58다길 5,37.636200532218,127.074467009696
강북구,알콩달콩 떡케이크 노원점,서울 노원구 상계로17길 15,37.658529075463754,127.06787538877212
강북구,달보살롱,서울 노원구 상계로12길 22,37.6569140181594,127.068735205016
강서구,인라이크,서울 강서구 양천로30길 103,37.5686195150318,126.822825414747
강서구,케이크의계절,서울 강서구 공항대로 222,37.55866906632395,126.83217372166581
강서구,르네의케익,서울 강서구 화곡로21길 71,37.54409166406613,126.83590095066562
강서구,파리크라상 이대서울병원점,서울 강서구 공항대로 260,37.557204387951536,126.83626718341228
강서구,크리미모리,서울 강서구 우장산로2길 22,37.5538101242985,126.837419897729
강서구,두시의케이크,서울 강서구 강서로 409,37.5621653506418,126.838944433058
강서구,드립시스,서울 강서구 공항대로 209,37.5597529333842,126.830888964128
강서구,슈가파티,서울 강서구 공항대로 247,37.55931399245335,126.83523942831592
강서구,플로아케이크,서울 강서구 등촌로39나길 8,37.5460909048262,126.861126523362
강서구,스윗라운드,서울 강서구 공항대로53길 31,37.5548772800658,126.860232002386
강서구,브레도르,서울 강서구 마곡중앙4로 22,37.5580604212336,126.8293298123818
강서구,꾸꾸케이크,서울 강서구 마곡중앙6로 70,37.5598721007415,126.834874891797
강서구,골드라인케이크,서울 강서구 공항대로41길 51,37.56023643089123,126.84577676419443
강서구,다람과자점,서울 강서구 마곡중앙2로 11,37.558209061175646,126.82807094062072
강서구,프롬마틸다,서울 강서구 마곡중앙6로 11,37.5609483085013,126.828842203558
강서구,비니케이크(BeenyCake),서울 강서구 양천로30길 67,37.5702502615069,126.822789857139
강서구,케이크월드,서울 강서구 마곡중앙6로 21,37.5608359031422,126.829616621325
강서구,일루미케이크,서울 강서구 공항대로 194,37.55898081215381,126.8290345805788
강서구,로지에떼,서울 강서구 마곡중앙로 161-1,37.5678515953911,126.827508854233
강서구,이슬케이크,서울 강서구 양천로 470,37.5620577966224,126.852476854076
강서구,그림의떡,서울 강서구 공항대로 222,37.55868622541134,126.83220197771307
강서구,원데잇케이크,서울 강서구 강서로45길 92-26,37.5491879897757,126.833526919056
강서구,이크케이크,서울 강서구 마곡중앙2로 35,37.5579650319901,126.830662123677
강서구,표니포니하우스,서울 강서구 강서로46길 9,37.5508937867092,126.836904535758
강서구,미니즈베이크샵,서울 강서구 양천로24가길 87,37.5700569571851,126.813122303452
강서구,꽃이든,서울 강서구 마곡중앙6로 21,37.56083590640882,126.82961888494565
강서구,케이크다이어리,서울 강서구 강서로31길 45,37.5392631118261,126.839102328561
강서구,루체케이크,서울 강서구 마곡중앙로 161-8,37.5685919589743,126.82733509341
강서구,딜라이트붐,서울 강서구 강서로41길 28,37.544898609916,126.835650235849
강서구,모로하비,서울 강서구 가로공원로76길 100,37.53284123215887,126.83876878849954
강서구,도잉케이크,서울 강서구 양천로24길 113,37.56820174665291,126.81537267768714
강서구,미차,서울 강서구 마곡중앙2로 35,37.55807317065839,126.83067546022275
강서구,케이크팜,서울 강서구 마곡중앙4로 22,37.55847061351154,126.82949524816352
강서구,오리케이크,서울 강서구 양천로 731,37.5493354796427,126.877479497635
강서구,큐디케이크,서울 강서구 금낭화로 49-3,37.5696983044955,126.811386791912
강서구,아우어다이브,서울 강서구 공항대로 190,37.55903429419234,126.82863606952209
강서구,소월케이크,서울 강서구 공항대로 186,37.5591460296984,126.828024647993
강서구,베이킹아뜰리에 멜로우,서울 강서구 강서로33길 39,37.54144430595117,126.83769455573957
강서구,카페헤이스,서울 강서구 공항대로 213,37.5596995553195,126.831365571149
강서구,루시떡공방,서울 강서구 마곡중앙2로 35,37.5579632267571,126.830659864222
강서구,코모레비케이크,서울 양천구 목동중앙북로 15,37.5485501436922,126.865374620739
강서구,쏘니니케이크,서울 양천구 목동중앙남로13길 20,37.5403941419016,126.864445611032
강서구,쥬슈앙케이크,서울 양천구 목동중앙북로7길 26,37.5488989384317,126.867863587736
강서구,브라운잇케이크,서울 양천구 목동중앙본로7길 37,37.53940826993821,126.86666285383293
강서구,쇼케익스,서울 양천구 월정로50길 6,37.5416335769314,126.830679831125
관악구,오케이크 서울대입구역점,서울 관악구 관악로 211,37.4837070085659,126.954208652312
관악구,세이커리,서울 관악구 시흥대로 558-1,37.482810192129804,126.90190480906145
관악구,쥰케이크,서울 관악구 남부순환로180길 9,37.48394257455929,126.93093851876141
관악구,또또케이크,서울 관악구 신림로66길 42,37.48566238804173,126.93212867224172
관악구,피니케이크하우스 (피피케이크하우스),서울 관악구 관악로12길 38,37.4778289168849,126.95444400441
관악구,따사롬케이크,서울 관악구 신원로3길 46,37.4826937103088,126.926352681679
관악구,사계절디저트,서울 관악구 양녕로 46,37.4861404498996,126.947287361697
관악구,피그말리온,서울 관악구 신원로 40-9,37.4818010115465,126.929639144349
관악구,듀케이크,서울 관악구 남부순환로172길 48,37.48279080471716,126.9231856734567
관악구,떡호랑케이크샵,서울 관악구 청룡4길 64,37.481247562839,126.942541092214
관악구,스윗아워,서울 관악구 조원로 155,37.485958975157025,126.91946473999626
관악구,모리냥과자점,서울 관악구 남부순환로143가길 4,37.4827591752772,126.91026818959
관악구,르네드,서울 관악구 인헌길 61,37.4727846809089,126.966815713119
관악구,행복한날에,서울 관악구 양녕로 35,37.4851869054419,126.946668422978
관악구,슬레이케이크,서울 관악구 인헌길 49,37.4732838516081,126.966855059704
관악구,리썸케이크,서울 관악구 조원로 34,37.48323888570908,126.90611137165205
관악구,디저트상점,서울 관악구 호암로26가길 2,37.4707409344135,126.934004025423
관악구,카페드발렌느,서울 관악구 신림로67길 23,37.4858167156838,126.927993627954
관악구,핑크테디,서울 관악구 신림동7길 8,37.4866723675771,126.926040096372
관악구,구슬케이크,서울 관악구 남부순환로230길 55,37.4776202151684,126.955314661368
관악구,바나케이크,서울 관악구 행운1길 4,37.47980915655104,126.95886906906908
관악구,유니아케이크,서울 관악구 미성3길 20,37.4736584571996,126.91694336151
관악구,케익클로버,서울 관악구 쑥고개로 83,37.4794651005651,126.945790632174
관악구,윤슬미,서울 관악구 호암로 585,37.469645508063955,126.93276489736094
관악구,애니크,서울 관악구 조원중앙로2길 59,37.48141588685797,126.90807414029375
관악구,크림스테이지,서울 관악구 남부순환로231길 11,37.4803950406009,126.956979514319
관악구,써니해피데이,서울 관악구 난곡로43길 20,37.4759292994161,126.91483014324
관악구,단정 (휴업중),서울 관악구 신림로58길 13,37.4824241845714,126.930613163947
관악구,오늘도헨뉴,서울 관악구 참숯1길 19,37.4786351560219,126.941761865862
관악구,메리온플라워케이크,서울 동작구 사당로16길 44,37.4817953117448,126.972399261258
관악구,해이케이크샵,서울 서초구 방배천로2안길 96,37.48127489009312,126.98417140484015
관악구,우니꼬케이크,서울 동작구 사당로22길 15,37.4827720792203,126.976947452495
관악구,멜로드,서울 동작구 상도로49길 7,37.4991953468289,126.95199397232
관악구,언니네케이크,서울 동작구 사당로26길 134,37.47788883196417,126.97811569352544
관악구,카페아뜨레,서울 동작구 여의대방로22길 132,37.49815099807453,126.92716869209467
관악구,케이크무드,서울 동작구 상도로15길 45,37.50260064459625,126.93412414547143
관악구,투디카페,서울 동작구 상도로 285,37.502168263758136,126.94888653847502
관악구,꾸움베이크샵,서울 서초구 방배천로2안길 55,37.4794286796326,126.983855230157
관악구,보통의케이크,서울 동작구 성대로10길 3,37.4975625500506,126.934720010739
관악구,플로르미뇽,서울 동작구 사당로29가길 36,37.4866099915307,126.979771878356
관악구,오요케이크,서울 동작구 상도로34길 29,37.5035442852751,126.945279002318
관악구,아르브아,서울 동작구 동작대로9길 52,37.480765849805,126.978636063977
관악구,메르시뤼탱파티세리,서울 서초구 동광로12가길 12,37.48740174173663,126.98412488397099
관악구,미엘레케이크,서울 서초구 청두곶3길 22,37.4788962062009,126.984024931427
관악구,온니떡방,서울 동작구 장승배기로 44-1,37.5019122616719,126.940910299542
광진구,온유어데이,서울 광진구 군자로10길 36,37.549216316156944,127.07265124265193
광진구,나나케이크,서울 광진구 능동로13길 101,37.5457636993373,127.068098912282
광진구,줄리앤몰리,서울 광진구 뚝섬로59길 67,37.5348384927993,127.083087104436
광진구,갸또마루,서울 광진구 면목로 182,37.5692673568906,127.08318419465
광진구,초초하우스,서울 광진구 동일로28길 48,37.54602069502339,127.06928505327659
광진구,케이크앤코,서울 광진구 능동로51길 40,37.5664930314859,127.082126178338
광진구,호제케이크,서울 광진구 아차산로57길 22,37.5395819355138,127.088492985699
광진구,케이크더조아,서울 광진구 자양로18길 70,37.5382681859538,127.087406349994
광진구,어나더쏭,서울 광진구 능동로 265,37.5537183426407,127.07731824640565
광진구,또케이크,서울 광진구 능동로36길 53,37.5554541212894,127.081982781377
광진구,이삐케이크,서울 광진구 긴고랑로7길 64,37.5660732765632,127.080661046633
광진구,스륵,서울 광진구 자양로 35,37.5310665527435,127.086092350425
광진구,쿠앙,서울 광진구 군자로10길 30,37.5490417593629,127.072265185183
광진구,다니케이크,서울 광진구 동일로64길 39,37.5603499775218,127.076865584917
광진구,보라롱베이크샵,서울 광진구 뚝섬로51길 49,37.5345227685368,127.081032100873
광진구,쉬르메르,서울 광진구 아차산로30길 31,37.5393922124632,127.067434589721
광진구,슈기케이크,서울 광진구 뚝섬로58가길 34,37.5301749857362,127.08298237226
광진구,라이크쿠키,서울 광진구 자양로3길 34,37.5302748357965,127.084480394026
광진구,이로이케이크,서울 광진구 능동로40길 40,37.557467710914,127.082183046061
광진구,에브리싱글세컨드,서울 광진구 면목로 67-4,37.55995106671003,127.07788832361676
광진구,해삐까까,서울 광진구 광나루로17길 14-5,37.5484053483369,127.072763618235
광진구,투엑스프레젠트,서울 광진구 능동로17길 34,37.546806756187245,127.07165083049468
광진구,달봉케이크,서울 광진구 자양로50길 8,37.55190518718515,127.09280906841006
광진구,팔레트202,서울 광진구 동일로4길 2,37.5362610812357,127.061097950012
광진구,로즈의케이크하우스,서울 광진구 구의로4길 11,37.5400860677586,127.09024853957
광진구,쏘스윗 건대점,서울 광진구 능동로13길 10-5,37.5429371851665,127.071287296045
광진구,버터데이즈,서울 광진구 자양로22길 44,37.5396154355955,127.085830620102
광진구,로얄부띠크,서울 광진구 동일로30길 39,37.5475802247034,127.069453975636
광진구,케이크닌자,서울 광진구 광나루로35길 43,37.5466813081592,127.087958209027
광진구,소잇케이크,서울 광진구 천호대로124길 72,37.551791709878,127.08558882235
광진구,메리데이케이크,서울 광진구 아차산로65길 24,37.5413483856307,127.093696671199
광진구,라온베이커리,서울 광진구 긴고랑로15길 7,37.5624090626419,127.083062253019
광진구,리브릭,서울 성동구 뚝섬로15길 29,37.53915476142036,127.06173733828007
광진구,세이케이크,서울 성동구 동일로 75,37.5396896478857,127.062322762315
광진구,치카 성수,서울 성동구 뚝섬로1가길 14,37.54233119457231,127.04717370523126
광진구,어썸스윗 성수,서울 성동구 뚝섬로 409,37.5386800214784,127.056147435828
광진구,훌로훌로케이크,서울 성동구 성수이로6길 11,37.5366956363885,127.055046178563
광진구,케익다방 성수점,서울 성동구 연무장9길 10-1,37.54317333683284,127.05608517561427
광진구,케이크만들기 단하나 신천점,서울 송파구 백제고분로7길 33,37.5109226057262,127.082630783986
광진구,글리터,서울 성동구 성수이로 18,37.5367564275508,127.054128616549
광진구,서커스래빗,서울 송파구 올림픽로35길 112,37.51807391546601,127.1021558507258
광진구,조프리케이크,서울 성동구 성덕정길 42,37.5385483730862,127.048223596598
광진구,뵈르니,서울 성동구 성덕정5길 10,37.53935362287344,127.04881814754279
광진구,터틀힙 성수,서울 성동구 왕십리로14길 23,37.5486069961473,127.046307436496
광진구,벨케이크,서울 송파구 백제고분로7길 58,37.5106864473674,127.085299818421
구로구,데일리스위츠,서울 구로구 중앙로 9,37.4988576767889,126.864226702102
구로구,오브베이크,서울 구로구 디지털로32가길 9,37.482726046529635,126.89934402997072
구로구,꾸꾸네,서울 구로구 신도림로19길 7,37.5111959368976,126.884461719309
구로구,얌얌플레이트,서울 구로구 개봉로12길 9-40,37.4899579071681,126.856906545664
구로구,케이크츄,서울 구로구 구로중앙로 135-4,37.49987876097183,126.88298185562722
구로구,아코케이크,서울 구로구 고척로3길 13,37.49583605359658,126.84003235846663
구로구,케이키즘,서울 구로구 가마산로 268,37.49570880999934,126.89039756649639
구로구,달꽃상점,서울 구로구 공원로6나길 5-2,37.503734925683766,126.89035077518791
구로구,제이레서피,서울 구로구 경인로 638,37.5071809065842,126.886157627444
구로구,앙금한설기,서울 구로구 공원로 41,37.5003872755731,126.889904440888
구로구,마마스플리에,서울 구로구 고척로 92,37.5006243839678,126.844369340764
구로구,라조콩드,경기 광명시 시청로 32,37.47956877988579,126.8641078495282
구로구,재재케이크,서울 양천구 목동로3길 57,37.5097083543456,126.863338410717
구로구,웃음꽃케이크,서울 금천구 가산디지털1로 226,37.4854208751726,126.879957238226
구로구,짜잔케이크,경기 광명시 오리로914번길 1,37.47771856681253,126.86140011820123
구로구,펀치케이크러브,경기 광명시 시청로 50,37.47797712905553,126.86847018439495
구로구,눌케이크,경기 광명시 광명로865번길 11,37.47664809325327,126.85169072813966
구로구,카페핑그르,서울 양천구 신목로5길 10,37.5180497337408,126.872924552109
구로구,케이크라보,서울 양천구 은행정로5길 52,37.5204059824882,126.854307737396
구로구,언제든지케이크,서울 양천구 은행정로6길 24,37.5214993959092,126.862230936739
구로구,마음숲미술관,서울 양천구 은행정로5길 36,37.52093583966029,126.8558315798118
구로구,씨더메종,서울 양천구 남부순환로83길 17,37.516533284120335,126.84089310459454
구로구,히얼앤나우,서울 양천구 목동로21길 2-1,37.5255354898878,126.863443035458
구로구,해밍데이,서울 양천구 신목로2길 58,37.5228269643239,126.877294348771
구로구,예쁘당케이크,서울 양천구 목동동로14길 9,37.524363486681466,126.87248735757832
구로구,할로나데이,서울 양천구 목동로23길 4,37.5273469374772,126.863040381671
구로구,세이커리,서울 관악구 시흥대로 558-1,37.482810192129804,126.90190480906145
구로구,싸알공방,서울 영등포구 도림로115길 14-1,37.5092126399126,126.897954626558
구로구,수라케이크,서울 금천구 가산디지털1로 100,37.47472326618191,126.88454502071961
구로구,레브케이크,서울 양천구 오목로32길 23,37.52277047638667,126.85525564281444
구로구,케이크바오,서울 양천구 목동동로12길 45,37.5225863296169,126.876365997816
구로구,베라앤케이크,서울 양천구 목동서로 213,37.5280177176707,126.870617856287
구로구,노해,서울 영등포구 영등포로 118,37.5213083940037,126.89462934501
구로구,리엔공방,서울 양천구 오목로13길 32,37.52562998707705,126.84510025619002
구로구,밀클리케이크,서울 양천구 오목로 281,37.5258208404375,126.868770868016
구로구,조은날케이크,서울 금천구 시흥대로153길 72,37.47675085800438,126.8945257465286
구로구,새론케이크,서울 영등포구 영등포로5길 31,37.5246479851615,126.884538266086
구로구,어니스트,서울 금천구 가산디지털2로 70,37.474859792786,126.882286038364
구로구,온케이크,서울 양천구 목동서로 133-2,37.5315932707498,126.876012851688
구로구,크루셜모먼트,서울 동작구 신대방11길 35,37.4884840826591,126.907800890665
구로구,리썸케이크,서울 관악구 조원로 34,37.48323888570908,126.90611137165205
구로구,쑤케이크,서울 영등포구 영중로3길 11,37.51652565340713,126.90499509691442
구로구,꽃피는시루,서울 양천구 목동중앙로 49,37.5340315874665,126.869516789343
구로구,모리냥과자점,서울 관악구 남부순환로143가길 4,37.4827591752772,126.91026818959
구로구,꿈꾸는분홍,경기 광명시 하안로288번길 12,37.461594795405986,126.88286973396046
금천구,기분이좋아,서울 금천구 금하로1길 93,37.4540173682923,126.889506801034
금천구,프롬데이지,서울 금천구 시흥대로 274,37.45813235643941,126.89968104333984
금천구,리코비케이크,서울 금천구 시흥대로72길 6,37.4570159976943,126.900742707344
금천구,웃음꽃케이크,서울 금천구 가산디지털1로 226,37.4854208751726,126.879957238226
금천구,조은날케이크,서울 금천구 시흥대로153길 72,37.47675085800438,126.8945257465286
금천구,수라케이크,서울 금천구 가산디지털1로 100,37.47472326618191,126.88454502071961
금천구,허밍케이크,서울 금천구 시흥대로37길 14,37.4456785006539,126.902853980969
금천구,빵장이,서울 금천구 독산로 4,37.4485480801851,126.903772448998
금천구,레애케이크,서울 금천구 시흥대로73길 11,37.45674885688199,126.89915732782737
금천구,어니스트,서울 금천구 가산디지털2로 70,37.474859792786,126.882286038364
금천구,다정한세계,서울 금천구 시흥대로 291,37.46031376405352,126.89661163128929
금천구,쫄깃앙금플라워,서울 금천구 벚꽃로 30,37.45821633687694,126.89370973468507
금천구,카페취향,경기 광명시 금하로527번길 19,37.45259271248096,126.88934162985278
금천구,허그미케이크,경기 광명시 금하로 464,37.44844927437038,126.88403843343829
금천구,꿈꾸는분홍,경기 광명시 하안로288번길 12,37.461594795405986,126.88286973396046
금천구,작업실여름,경기 광명시 소하로76번길 21,37.4472636622163,126.882338330892
금천구,오브베이크,서울 구로구 디지털로32가길 9,37.482726046529635,126.89934402997072
금천구,세이커리,서울 관악구 시흥대로 558-1,37.482810192129804,126.90190480906145
금천구,유니아케이크,서울 관악구 미성3길 20,37.4736584571996,126.91694336151
금천구,리썸케이크,서울 관악구 조원로 34,37.48323888570908,126.90611137165205
금천구,모리냥과자점,서울 관악구 남부순환로143가길 4,37.4827591752772,126.91026818959
금천구,애니크,서울 관악구 조원중앙로2길 59,37.48141588685797,126.90807414029375
금천구,써니해피데이,서울 관악구 난곡로43길 20,37.4759292994161,126.91483014324
금천구,펀치케이크러브,경기 광명시 시청로 50,37.47797712905553,126.86847018439495
금천구,라조콩드,경기 광명시 시청로 32,37.47956877988579,126.8641078495282
금천구,크루셜모먼트,서울 동작구 신대방11길 35,37.4884840826591,126.907800890665
금천구,윤슬미,서울 관악구 호암로 585,37.469645508063955,126.93276489736094
금천구,듀케이크,서울 관악구 남부순환로172길 48,37.48279080471716,126.9231856734567
금천구,디저트상점,서울 관악구 호암로26가길 2,37.4707409344135,126.934004025423
금천구,짜잔케이크,경기 광명시 오리로914번길 1,37.47771856681253,126.86140011820123
금천구,스윗아워,서울 관악구 조원로 155,37.485958975157025,126.91946473999626
금천구,따사롬케이크,서울 관악구 신원로3길 46,37.4826937103088,126.926352681679
금천구,메르시에,경기 광명시 일직로 28,37.42186115144781,126.8849041418504
금천구,햅투유,서울 관악구 신림로53길 3,37.4797425499957,126.930218806286
노원구,몽실디저트,서울 노원구 상계로3길 16,37.65698056305205,127.06248526712653
노원구,오케이크 노원점,서울 노원구 상계로3길 16,37.6570148033577,127.062479629455
노원구,샛별제과,서울 노원구 상계로1길 14-29,37.6573303288684,127.062135377319
노원구,쿠방플러스,서울 노원구 노원로26길 39,37.6521894288691,127.069992101599
노원구,화이트아떼,서울 노원구 노원로26길 69,37.653282654531,127.07094162991703
노원구,별난케이크,서울 노원구 한글비석로24바길 13,37.6638723366597,127.07316405972
노원구,그대로양과자점,서울 노원구 동일로182길 50,37.623257220375095,127.07688046962522
노원구,베이킹덕,서울 노원구 동일로192길 80,37.62718084872259,127.07713939529668
노원구,비비케이크,서울 노원구 동일로231나길 23,37.6729781393368,127.051819824441
노원구,디저트조이,서울 노원구 동일로176길 11-13,37.62061920811469,127.07536217298613
노원구,케이크1221,서울 노원구 상계로 193-14,37.6621543481139,127.074313858539
노원구,언제나케이크,서울 노원구 공릉로 191-45,37.6264350114203,127.078235183388
노원구,한드케이크,서울 노원구 공릉로58다길 5,37.636200532218,127.074467009696
노원구,숨케이크,서울 노원구 상계로1길 62-20,37.6584449376826,127.061956112308
노원구,오월오일,서울 노원구 동일로180길 37-7,37.6229936809715,127.076186951216
노원구,마들케이크,서울 노원구 동일로 1550,37.66691727719822,127.05758247103189
노원구,달리아앨리,서울 노원구 한글비석로44길 49,37.6647739165091,127.070704352374
노원구,케이크구도씨,서울 노원구 상계로7길 7,37.65717011535194,127.06517582236087
노원구,츄밍케이커리,서울 노원구 상계로12길 74,37.65528202646423,127.07078827725262
노원구,다람케이크,서울 노원구 동일로178길 10,37.6210689103906,127.075190452372
노원구,스위팅스,서울 노원구 한글비석로52길 42,37.666256588686984,127.06664927097141
노원구,퐁당케이크,서울 노원구 화랑로47길 23,37.6161546652232,127.066622648329
노원구,행운빵집,서울 노원구 상계로5길 32,37.6571326519817,127.062818577459
노원구,시니나케이크,서울 노원구 노원로30길 44,37.6550033733019,127.069694433535
노원구,알콩달콩 떡케이크 노원점,서울 노원구 상계로17길 15,37.658529075463754,127.06787538877212
노원구,달보살롱,서울 노원구 상계로12길 22,37.6569140181594,127.068735205016
노원구,케이크앤데코,서울 노원구 동일로 1700,37.6799840806244,127.055921609509
노원구,구뜨케이크,서울 도봉구 도봉로118길 34,37.6488049747319,127.037019967555
노원구,티끌,서울 도봉구 노해로 235,37.6513862193396,127.034276667844
노원구,케이크부름,서울 도봉구 도봉로114길 49,37.647639998756766,127.03703412002646
노원구,달콤달달,서울 도봉구 도봉로139길 56-16,37.66131550832959,127.0386026534471
노원구,햇쌀떡케이크,서울 도봉구 노해로60길 33,37.64977072397967,127.03438924169102
노원구,디카플이오,서울 도봉구 도당로 41,37.66159423132004,127.03467236419202
노원구,매일이기념일,서울 도봉구 우이천로24길 69,37.646383644237204,127.03219964100444
노원구,제리당,서울 도봉구 도봉로109길 23,37.646805354494155,127.03201625789342
노원구,HAVE A CAKE DAY,서울 도봉구 도봉로109길 35-27,37.6458701685132,127.03188668262
노원구,한니베,서울 도봉구 우이천로 280-1,37.6434296818639,127.030837552424
노원구,오케이크 수유점,서울 강북구 도봉로87길 38,37.6391750484316,127.023861031037
노원구,메이크스윗스윗,서울 강북구 도봉로95길 40,37.64214041762224,127.02698012602579
노원구,히치케이커,서울 강북구 한천로139가길 14,37.6401234212297,127.025598249113
노원구,만월케이크,서울 강북구 노해로 113,37.6453810235511,127.023885678038
노원구,키니베이크샵,서울 강북구 덕릉로41길 38,37.6367256006796,127.030275096703
노원구,김미케이크,서울 강북구 노해로17길 49,37.6404101879369,127.019566142817
노원구,카페문나잇,서울 강북구 솔매로50길 7,37.626135272714265,127.02714199496832
노원구,채이크,서울 강북구 삼양로89길 13,37.6359696925624,127.016564916859
도봉구,티끌,서울 도봉구 노해로 235,37.6513862193396,127.034276667844
도봉구,한니베,서울 도봉구 우이천로 280-1,37.6434296818639,127.030837552424
도봉구,매일이기념일,서울 도봉구 우이천로24길 69,37.646383644237204,127.03219964100444
도봉구,구뜨케이크,서울 도봉구 도봉로118길 34,37.6488049747319,127.037019967555
도봉구,제리당,서울 도봉구 도봉로109길 23,37.646805354494155,127.03201625789342
도봉구,케이크부름,서울 도봉구 도봉로114길 49,37.647639998756766,127.03703412002646
도봉구,HAVE A CAKE DAY,서울 도봉구 도봉로109길 35-27,37.6458701685132,127.03188668262
도봉구,햇쌀떡케이크,서울 도봉구 노해로60길 33,37.64977072397967,127.03438924169102
도봉구,디카플이오,서울 도봉구 도당로 41,37.66159423132004,127.03467236419202
도봉구,달콤달달,서울 도봉구 도봉로139길 56-16,37.66131550832959,127.0386026534471
도봉구,비비케이크,서울 노원구 동일로231나길 23,37.6729781393368,127.051819824441
도봉구,마들케이크,서울 노원구 동일로 1550,37.66691727719822,127.05758247103189
도봉구,몽실디저트,서울 노원구 상계로3길 16,37.65698056305205,127.06248526712653
도봉구,샛별제과,서울 노원구 상계로1길 14-29,37.6573303288684,127.062135377319
도봉구,케이크앤데코,서울 노원구 동일로 1700,37.6799840806244,127.055921609509
도봉구,오케이크 노원점,서울 노원구 상계로3길 16,37.6570148033577,127.062479629455
도봉구,숨케이크,서울 노원구 상계로1길 62-20,37.6584449376826,127.061956112308
도봉구,스위팅스,서울 노원구 한글비석로52길 42,37.666256588686984,127.06664927097141
도봉구,행운빵집,서울 노원구 상계로5길 32,37.6571326519817,127.062818577459
도봉구,케이크구도씨,서울 노원구 상계로7길 7,37.65717011535194,127.06517582236087
도봉구,달리아앨리,서울 노원구 한글비석로44길 49,37.6647739165091,127.070704352374
도봉구,알콩달콩 떡케이크 노원점,서울 노원구 상계로17길 15,37.658529075463754,127.06787538877212
도봉구,별난케이크,서울 노원구 한글비석로24바길 13,37.6638723366597,127.07316405972
도봉구,쿠방플러스,서울 노원구 노원로26길 39,37.6521894288691,127.069992101599
도봉구,화이트아떼,서울 노원구 노원로26길 69,37.653282654531,127.07094162991703
도봉구,케이크1221,서울 노원구 상계로 193-14,37.6621543481139,127.074313858539
도봉구,달보살롱,서울 노원구 상계로12길 22,37.6569140181594,127.068735205016
도봉구,츄밍케이커리,서울 노원구 상계로12길 74,37.65528202646423,127.07078827725262
도봉구,시니나케이크,서울 노원구 노원로30길 44,37.6550033733019,127.069694433535
도봉구,만월케이크,서울 강북구 노해로 113,37.6453810235511,127.023885678038
도봉구,메이크스윗스윗,서울 강북구 도봉로95길 40,37.64214041762224,127.02698012602579
도봉구,히치케이커,서울 강북구 한천로139가길 14,37.6401234212297,127.025598249113
도봉구,오케이크 수유점,서울 강북구 도봉로87길 38,37.6391750484316,127.023861031037
도봉구,키니베이크샵,서울 강북구 덕릉로41길 38,37.6367256006796,127.030275096703
도봉구,김미케이크,서울 강북구 노해로17길 49,37.6404101879369,127.019566142817
도봉구,애정지수,서울 강북구 노해로11길 36,37.6389486120987,127.020614916567
도봉구,한드케이크,서울 노원구 공릉로58다길 5,37.636200532218,127.074467009696
도봉구,카페문나잇,서울 강북구 솔매로50길 7,37.626135272714265,127.02714199496832
도봉구,채이크,서울 강북구 삼양로89길 13,37.6359696925624,127.016564916859
도봉구,더달다 과자점,서울 강북구 4.19로21길 18,37.644464302519,127.005651816826
도봉구,베이킹덕,서울 노원구 동일로192길 80,37.62718084872259,127.07713939529668
도봉구,언제나케이크,서울 노원구 공릉로 191-45,37.6264350114203,127.078235183388
도봉구,그대로양과자점,서울 노원구 동일로182길 50,37.623257220375095,127.07688046962522
도봉구,망구스,경기 의정부시 평화로 324,37.720747765034375,127.04783218947563
도봉구,벌스데이후,서울 강북구 솔매로46길 33,37.6247281543526,127.026153696477
동대문구,너디블루,서울 동대문구 전농로36길 9,37.5854270107495,127.052927490305
동대문구,츄르케이크,서울 동대문구 경희대로4길 79,37.5914331658876,127.056514271492
동대문구,달콤퐁당 고대점,서울 동대문구 안암로24길 8,37.5883888063929,127.035461510933
동대문구,케이크케이크(K크CAKE),서울 동대문구 전농로 23,37.5672009447983,127.056494827027
동대문구,미밀케이크,서울 동대문구 신이문로 10,37.6028507074529,127.063258726934
동대문구,세노,서울 동대문구 한천로8길 9,37.5650531809169,127.061483658384
동대문구,몽몽,서울 동대문구 회기로23길 14,37.5913143881932,127.054267745397
동대문구,바유케이크,서울 동대문구 제기로 155-1,37.5860911829924,127.050551478538
동대문구,미깡케이크&커피,서울 동대문구 회기로 127,37.59160428129323,127.05072504940387
동대문구,케이크풀,서울 동대문구 답십리로 149,37.572998778502566,127.05664297029476
동대문구,아워오후,서울 동대문구 고산자로36길 3,37.5790380357851,127.039143162378
동대문구,스윗플룸,서울 동대문구 답십리로63길 100,37.5770392888301,127.069309255316
동대문구,크렘드유끼,서울 동대문구 장한로36길 10,37.5774209953057,127.07282580565
동대문구,카페메모아르,서울 동대문구 회기로 156,37.5909246707164,127.053363910602
동대문구,보니또케이크,서울 동대문구 답십리로48길 4,37.572658528947734,127.0578279101467
동대문구,페이지2726,서울 동대문구 고산자로30길 13,37.57598369928885,127.03904081160593
동대문구,디어케키,서울 동대문구 답십리로51길 31,37.5737161597162,127.058107202366
동대문구,구움별당,서울 동대문구 회기로 155,37.59112279505328,127.05357125810642
동대문구,해브어나이스케이크,서울 동대문구 천호대로77나길 3,37.565201003272364,127.06307973202213
동대문구,케키포유,서울 동대문구 천호대로37길 45,37.575214085791,127.042138783025
동대문구,그림제과,서울 동대문구 사가정로25가길 15,37.5811210772417,127.071844463543
동대문구,팅키케이크,서울 동대문구 휘경로2길 40,37.59446507520007,127.06001884264522
동대문구,파티스리소소,서울 동대문구 망우로20길 91,37.5909661764978,127.06734295861
동대문구,탭하트케이크,서울 동대문구 휘경로23길 6,37.5947983343387,127.065312748838
동대문구,케이크숲,서울 성동구 마장로 187,37.5668482569082,127.030750491374
동대문구,보니케이크,서울 성동구 무학로8길 17,37.5655961841371,127.03293565060922
동대문구,케이크달달,서울 성동구 무학로 10-1,37.56508332501429,127.03028909100367
동대문구,봉주공방,서울 성동구 마장로 137,37.5698595979306,127.026123179322
동대문구,라따뚜이케이크,서울 성동구 무학로 33,37.56746096081622,127.02695429937185
동대문구,타이파,서울 성동구 마조로 24,37.559822671852,127.041300504275
동대문구,메이베이크,서울 성동구 왕십리로31길 6,37.5641883226149,127.027903887464
동대문구,메이크미해피,서울 성북구 고려대로26길 15,37.5855629989316,127.030025661661
동대문구,그해그달 케이크,서울 성동구 무학봉26길 3,37.5620085858018,127.032324013371
동대문구,메이에르케이크,서울 성동구 무학봉21길 9,37.5622720556423,127.030909331236
동대문구,일층쌀가게,서울 종로구 숭인동길 67,37.5779514211928,127.021732426504
동대문구,꼬팡케이크,서울 성동구 왕십리로21나길 9,37.56007141694717,127.0324182479753
동대문구,제이델링 서울중구점,서울 중구 다산로44길 86,37.5648960072924,127.021698072648
동대문구,연디저트,서울 성동구 왕십리로21길 45-1,37.5592844988296,127.030336542322
동대문구,미미케이크,서울 성북구 보문로23길 4,37.5842407343233,127.019577472152
동대문구,버터바스켓,서울 성북구 지봉로 177-1,37.58515992646575,127.01846590892761
동대문구,바잇더스윗,서울 성북구 고려대로1길 50,37.587584433618,127.018875239272
동대문구,스스쿠,서울 성북구 고려대로11길 65,37.588856387854875,127.02036332282553
동대문구,터틀힙 성수,서울 성동구 왕십리로14길 23,37.5486069961473,127.046307436496
동대문구,디어벌스데이,서울 성동구 서울숲길 55,37.5482187719263,127.043663722195
동대문구,치카 성수,서울 성동구 뚝섬로1가길 14,37.54233119457231,127.04717370523126
동작구,카페아뜨레,서울 동작구 여의대방로22길 132,37.49815099807453,126.92716869209467
동작구,케이크무드,서울 동작구 상도로15길 45,37.50260064459625,126.93412414547143
동작구,오월이구,서울 동작구 여의대방로54길 14,37.5118910577179,126.92673345209
동작구,멜로드,서울 동작구 상도로49길 7,37.4991953468289,126.95199397232
동작구,우니꼬케이크,서울 동작구 사당로22길 15,37.4827720792203,126.976947452495
동작구,오요케이크,서울 동작구 상도로34길 29,37.5035442852751,126.945279002318
동작구,투디카페,서울 동작구 상도로 285,37.502168263758136,126.94888653847502
동작구,앙티크케이크,서울 동작구 만양로 26,37.50745706566857,126.94865786195413
동작구,크루셜모먼트,서울 동작구 신대방11길 35,37.4884840826591,126.907800890665
동작구,언니네케이크,서울 동작구 사당로26길 134,37.47788883196417,126.97811569352544
동작구,플로르미뇽,서울 동작구 사당로29가길 36,37.4866099915307,126.979771878356
동작구,메리온플라워케이크,서울 동작구 사당로16길 44,37.4817953117448,126.972399261258
동작구,보통의케이크,서울 동작구 성대로10길 3,37.4975625500506,126.934720010739
동작구,케이크링,서울 동작구 흑석로 124-1,37.5090542555481,126.962214457078
동작구,온니떡방,서울 동작구 장승배기로 44-1,37.5019122616719,126.940910299542
동작구,밀베이킹스튜디오,서울 동작구 여의대방로10길 13,37.4959459366707,126.914612913119
동작구,하마케이크,서울 동작구 현충로 106,37.50739100427679,126.96515704630913
동작구,케세뜨,서울 동작구 동작대로39길 22,37.494266268257434,126.98236389115836
동작구,아르브아,서울 동작구 동작대로9길 52,37.480765849805,126.978636063977
동작구,사계절디저트,서울 관악구 양녕로 46,37.4861404498996,126.947287361697
동작구,오케이크 서울대입구역점,서울 관악구 관악로 211,37.4837070085659,126.954208652312
동작구,행복한날에,서울 관악구 양녕로 35,37.4851869054419,126.946668422978
동작구,스윗아몬드,서울 영등포구 국제금융로 86,37.52020584896475,126.93179988990671
동작구,또또케이크,서울 관악구 신림로66길 42,37.48566238804173,126.93212867224172
동작구,떡호랑케이크샵,서울 관악구 청룡4길 64,37.481247562839,126.942541092214
동작구,다음에또봐,서울 용산구 한강대로 54-1,37.52550826569856,126.96475832993728
동작구,크림스테이지,서울 관악구 남부순환로231길 11,37.4803950406009,126.956979514319
동작구,쥰케이크,서울 관악구 남부순환로180길 9,37.48394257455929,126.93093851876141
동작구,케익클로버,서울 관악구 쑥고개로 83,37.4794651005651,126.945790632174
동작구,바나케이크,서울 관악구 행운1길 4,37.47980915655104,126.95886906906908
동작구,해이케이크샵,서울 서초구 방배천로2안길 96,37.48127489009312,126.98417140484015
동작구,피니케이크하우스 (피피케이크하우스),서울 관악구 관악로12길 38,37.4778289168849,126.95444400441
동작구,영앤스윗 케이크,서울 용산구 한강대로 69,37.527040910089,126.964892234142
동작구,"케이크 모행, 모든 날이 행복하기를",서울 영등포구 여의대방로61길 40,37.5157399876261,126.922257187849
동작구,카페드발렌느,서울 관악구 신림로67길 23,37.4858167156838,126.927993627954
동작구,라벤더박스케이크,서울 영등포구 의사당대로 127,37.52027560179031,126.92642096125778
동작구,피그말리온,서울 관악구 신원로 40-9,37.4818010115465,126.929639144349
동작구,따사롬케이크,서울 관악구 신원로3길 46,37.4826937103088,126.926352681679
동작구,핑크테디,서울 관악구 신림동7길 8,37.4866723675771,126.926040096372
동작구,듀케이크,서울 관악구 남부순환로172길 48,37.48279080471716,126.9231856734567
동작구,구슬케이크,서울 관악구 남부순환로230길 55,37.4776202151684,126.955314661368
동작구,메르시뤼탱파티세리,서울 서초구 동광로12가길 12,37.48740174173663,126.98412488397099
동작구,스윗아워,서울 관악구 조원로 155,37.485958975157025,126.91946473999626
동작구,모퉁이디저트,서울 영등포구 신길로42길 26-1,37.5070310479803,126.913428570802
동작구,베즐리 더현대서울점,서울 영등포구 여의대로 108,37.52597374621065,126.92821863811953
마포구,터틀힙,서울 마포구 연남로1길 44,37.55979694723278,126.92068463815171
마포구,카페카카,서울 마포구 망원로 54-1,37.5567689026162,126.902872920191
마포구,알앤엠,서울 마포구 성미산로17길 12,37.56211083042824,126.91822497342143
마포구,카페밤비 2호점,서울 마포구 월드컵로21길 18,37.556823487442,126.908029120574
마포구,뮤르뮤르,서울 마포구 와우산로11길 25,37.548660367327145,126.92166058935089
마포구,나와나타샤,서울 마포구 와우산로29길 22,37.55517279161041,126.92879158856019
마포구,단하나케이크 홍대점,서울 마포구 와우산로23길 9,37.55345098836486,126.92444748669554
마포구,레이지독케이크,서울 마포구 포은로8길 28-6,37.5563428740222,126.906396600701
마포구,메이비케익,서울 마포구 와우산로30길 15,37.5540129844547,126.929924403787
마포구,구르미과자점,서울 마포구 포은로 12,37.549306744479,126.909559281853
마포구,베니케이크,서울 마포구 독막로15길 17,37.5485191107337,126.92196288201
마포구,먼슬리케이크,서울 마포구 월드컵로5길 93,37.5500055229819,126.907881330853
마포구,뷔자데 연남,서울 마포구 성미산로 157-8,37.5650120621389,126.92364236586
마포구,렉터스라운지,서울 마포구 와우산로29가길 54-6,37.5540389388175,126.926669575598
마포구,히카,서울 마포구 망원로 62-1,37.55699314630824,126.90384593976802
마포구,로지네,서울 마포구 와우산로29길 4-6,37.55479486146822,126.92960678908453
마포구,해피베어데이 합정점,서울 마포구 양화로12길 16-6,37.55168807937135,126.91820241219557
마포구,스윗미업,서울 마포구 연남로1길 67,37.5590999661276,126.919928210421
마포구,내가만든미케익 홍대점,서울 마포구 어울마당로 122,37.555300375451004,126.92388541273878
마포구,오디디,서울 마포구 월드컵로10길 17,37.55483942825225,126.91269313024023
마포구,케이크예스플리즈,서울 마포구 독막로7길 45,37.5498401809294,126.919585042823
마포구,위켄드케이크,서울 마포구 망원로2길 69,37.55415248459744,126.90296798471847
마포구,스몰럭케이크,서울 마포구 성미산로29길 14,37.564746521832646,126.92264771965749
마포구,누와,서울 마포구 성미산로13길 102,37.56533233865218,126.91629159185668
마포구,피치키치 홍대점,서울 마포구 성미산로 105,37.561976031963,126.918733313341
마포구,달닷,서울 마포구 대흥로4길 45,37.5415277266777,126.939485012999
마포구,해피베어데이 상수점,서울 마포구 와우산로13길 49-6,37.5483562687906,126.920967220812
마포구,파티셔리마루,서울 마포구 양화로15안길 3,37.5544205852129,126.919190810446
마포구,밀가루인쇄소,서울 마포구 와우산로10길 40,37.5484308236656,126.924755830065
마포구,마름모커피,서울 마포구 성암로13길 46,37.57616097772663,126.89748183770523
마포구,오와케이크 합정역점,서울 마포구 양화로8길 5,37.5504755565583,126.91595060602
마포구,조블라,서울 마포구 어울마당로 136-10,37.5557372589103,126.92513780204
마포구,케익다방 연남점,서울 마포구 동교로51안길 13,37.5651424086163,126.924580561323
마포구,달달오늘달,서울 마포구 서강로16길 57,37.55164000958793,126.93675742081842
마포구,옐로우벌스데이,서울 마포구 독막로4길 11,37.5475615194088,126.916929329319
마포구,삡삡,서울 마포구 서강로11길 15,37.553478492465,126.932677207417
마포구,프레드앤샐리,서울 마포구 월드컵북로5나길 18,37.5568841890642,126.916992545385
마포구,젤리샷케이크,서울 마포구 성미산로2길 49,37.5563858635006,126.910716426788
마포구,민트케이크,서울 마포구 토정로25길 11,37.54375852380144,126.93933384441216
마포구,베티케이크,서울 마포구 성암로 209,37.578102648985286,126.89648294884391
마포구,아비앙또,서울 마포구 잔다리로 30-26,37.5517398308576,126.920094519971
마포구,스위즈,서울 마포구 대흥로 41,37.5445510585127,126.93866670824
마포구,포스트케이크,서울 마포구 월드컵북로16길 64,37.5630764226998,126.917827770969
마포구,케이크밀쿠,서울 마포구 연희로1길 7,37.5595751964987,126.92607561641
마포구,미노시,서울 마포구 동교로 185-6,37.55737579326587,126.92177256470995
서대문구,연희동오븐,서울 서대문구 연희로11나길 7-5,37.5673863816351,126.928263810755
서대문구,헬로케이크,서울 서대문구 이화여대1길 34,37.557338800600434,126.9438476210223
서대문구,멜로우문,서울 서대문구 명지대7길 13,37.58379522282792,126.92245592571042
서대문구,쿠들리,서울 서대문구 세무서7길 8,37.5914183450083,126.946482879389
서대문구,라플로레종,서울 서대문구 명물1길 28,37.5586366082173,126.937419259038
서대문구,오해피홀리데이,서울 서대문구 신촌로 185,37.557029214622716,126.94655841225428
서대문구,크림온케이크,서울 서대문구 신촌로3길 6,37.5584057613463,126.92910993705
서대문구,포싵,서울 서대문구 연희로12길 10-4,37.566572026251116,126.93154257889677
서대문구,미요케이크 앙금플라워떡케이크,서울 서대문구 증가로 214,37.5809980744025,126.915226844683
서대문구,와구와구케이크,서울 서대문구 신촌로29길 16,37.5576596901453,126.952352608687
서대문구,뽀들렌케이크 (휴업중),서울 서대문구 이화여대2길 26,37.5573665736902,126.947418310815
서대문구,생화케이크 프케르,서울 서대문구 거북골로22길 49-2,37.5809705820563,126.909741756981
서대문구,밍스케이크,서울 서대문구 통일로34길 35,37.586249853964205,126.9496737218922
서대문구,스윗드로우케이크,서울 서대문구 이화여대길 52-11,37.55934051523497,126.94512391241429
서대문구,앵두네과자점,서울 서대문구 증가로10길 70-8,37.57946538302665,126.92577972412906
서대문구,달다구리제작소,서울 서대문구 통일로27길 5,37.5835051681788,126.949065336398
서대문구,벨라보스코,서울 서대문구 홍제내길 168,37.5891059935987,126.938270112957
서대문구,그루밍커피,서울 서대문구 이화여대3길 26,37.55806249575229,126.94425791155449
서대문구,킥캣,서울 서대문구 신촌로11길 35-7,37.55836301123,126.933049694936
서대문구,허니드로우,서울 서대문구 불광천길 162,37.5822974447325,126.909349566989
서대문구,도롱제과,서울 서대문구 증가로24바길 70,37.582957842912634,126.91923582856482
서대문구,커스텀아토,서울 서대문구 이화여대1안길 25,37.5574801919078,126.943710571455
서대문구,작고 귀엽고 소중해,서울 서대문구 연세로12길 23,37.5590839801486,126.93832657919
서대문구,라플,서울 서대문구 신촌역로 39,37.5589637286997,126.941033911874
서대문구,두디케이크,서울 서대문구 신촌로9길 37,37.5585224651544,126.933009939971
서대문구,온정케이크&디저트,서울 서대문구 거북골로 43,37.5788906840334,126.92317422784717
서대문구,미라클케이크,서울 서대문구 신촌로 109,37.5558403868834,126.938320198523
서대문구,뷔자데 연남,서울 마포구 성미산로 157-8,37.5650120621389,126.92364236586
서대문구,케익다방 연남점,서울 마포구 동교로51안길 13,37.5651424086163,126.924580561323
서대문구,터틀힙,서울 마포구 연남로1길 44,37.55979694723278,126.92068463815171
서대문구,스몰럭케이크,서울 마포구 성미산로29길 14,37.564746521832646,126.92264771965749
서대문구,알앤엠,서울 마포구 성미산로17길 12,37.56211083042824,126.91822497342143
서대문구,로즈베리모어,서울 마포구 동교로41길 4,37.56269603472413,126.92431591256147
서대문구,누와,서울 마포구 성미산로13길 102,37.56533233865218,126.91629159185668
서대문구,나와나타샤,서울 마포구 와우산로29길 22,37.55517279161041,126.92879158856019
서대문구,피치키치 홍대점,서울 마포구 성미산로 105,37.561976031963,126.918733313341
서대문구,베비주케이크,서울 마포구 동교로38안길 8,37.562167471261,126.924818981984
서대문구,이심전심,서울 은평구 응암로 298,37.5980010239618,126.920887563451
서대문구,메이비케익,서울 마포구 와우산로30길 15,37.5540129844547,126.929924403787
서대문구,케이크밀쿠,서울 마포구 연희로1길 7,37.5595751964987,126.92607561641
서대문구,플라워팟,서울 은평구 증산로15가길 10-1,37.58984970238255,126.91191062454409
서대문구,스윗미업,서울 마포구 연남로1길 67,37.5590999661276,126.919928210421
서대문구,햄니케이크,서울 마포구 연남로11길 33,37.5652815466025,126.917091889292
서대문구,썬메일베이커리,서울 은평구 백련산로 151,37.59863650769208,126.92547872059232
서대문구,로지네,서울 마포구 와우산로29길 4-6,37.55479486146822,126.92960678908453
서초구,해이케이크샵,서울 서초구 방배천로2안길 96,37.48127489009312,126.98417140484015
서초구,챱챱케이크,서울 서초구 서초중앙로 110,37.49158259200632,127.01451907769405
서초구,멜로드도산케이크 신사아뜰리에,서울 서초구 나루터로 60,37.515008467454045,127.0165743400893
서초구,백록담 디저트작업실,서울 서초구 양재천로13길 24,37.47576875172743,127.03649240923615
서초구,잇더케이크,서울 서초구 방배로8길 10-7,37.479845147257,126.999608815029
서초구,케익공방,서울 서초구 서초대로73길 42,37.50114424064658,127.02444130174631
서초구,크리미숑,서울 서초구 강남대로 359,37.494799318551806,127.02860968978608
서초구,라르고팩토리,서울 서초구 남부순환로315길 17,37.4793150740608,127.008140207787
서초구,꾸움베이크샵,서울 서초구 방배천로2안길 55,37.4794286796326,126.983855230157
서초구,메르시뤼탱파티세리,서울 서초구 동광로12가길 12,37.48740174173663,126.98412488397099
서초구,생과방봄날,서울 서초구 강남대로2길 75,37.468422317581805,127.04569385012779
서초구,원더케이크,서울 서초구 효령로53길 18,37.4855044591713,127.01396952269
서초구,하하피,서울 서초구 서초대로 55-10,37.4866931583858,126.988532485305
서초구,미엘레케이크,서울 서초구 청두곶3길 22,37.4788962062009,126.984024931427
서초구,폼즈케이크샵,서울 서초구 논현로31길 56,37.4804130609368,127.040469860427
서초구,온나커피,서울 서초구 매헌로6길 53,37.46604902936744,127.03524313096906
서초구,리블리케이크,서울 서초구 언남길 47,37.473468192299,127.042707889684
서초구,돌체도노,서울 서초구 사평대로22길 34,37.4981247691008,126.997557325262
서초구,블랑드로즈 케이크,서울 서초구 서초대로 286,37.493173943725,127.013036915751
서초구,디저트잇수,서울 서초구 서초대로1길 6,37.4868357759492,126.983166172058
서초구,오뮤즈케이크,서울 서초구 강남대로8길 65-1,37.4696042473264,127.043833868508
서초구,마이블루투모로우 강남대로점,서울 서초구 강남대로 455,37.502927272626,127.02472235617
서초구,와들스케이크,서울 서초구 동산로13길 42,37.473492939743,127.044018149356
서초구,잇스위티,서울 서초구 강남대로83길 46,37.505320114597595,127.021268012192
서초구,치크케이크,서울 서초구 효령로27길 35,37.4823245992511,126.994554887075
서초구,케익공방 2호점,서울 서초구 사임당로 158,37.4918506605225,127.027177006071
서초구,사랑에빠진케이크,서울 서초구 서초대로 389,37.4970772580537,127.023657426552
서초구,하이플로르,서울 서초구 주흥13길 10,37.508768704354964,127.01864274246908
서초구,잇츠마이스위티,서울 서초구 서초대로 389,37.49704842629867,127.0236551557537
서초구,슈슈가토,서울 서초구 동산로6길 41-14,37.4695865460981,127.04537577532
서초구,디어포레스트,서울 서초구 성촌1길 26,37.4654090298843,127.021373129994
서초구,랑랑케이크,서울 강남구 남부순환로363길 16,37.486504651046,127.038149572748
서초구,마몽드플라워,서울 강남구 남부순환로363길 12-29,37.4864630588819,127.038598436346
서초구,달콤한인생,서울 강남구 테헤란로14길 31,37.49733875204655,127.03392002763738
서초구,강남고망고케익,서울 강남구 테헤란로4길 32,37.4963045125014,127.030170823798
서초구,올루스,서울 강남구 논현로16길 25,37.47705662686259,127.04814335640938
서초구,나폴레옹제과점 대치점,서울 강남구 남부순환로 2911,37.492506278961,127.058031792202
서초구,21케이크,서울 강남구 논현로98길 26-7,37.50360125100218,127.03816392492375
서초구,서울케이크,서울 강남구 논현로97길 21,37.5028312759049,127.033951916697
서초구,지유가오카핫초메 선릉점,서울 강남구 테헤란로52길 16,37.502748306799845,127.0472777167518
서초구,스윗써머,서울 강남구 테헤란로19길 23,37.5015350109486,127.032954989821
서초구,끌레르봉봉,서울 강남구 논현로114길 8,37.50851027620185,127.0340755082656
서초구,디플로라 케이크스튜디오,서울 강남구 봉은사로26길 28,37.5052532456645,127.033717770603
서초구,달꼬미 논현점,서울 강남구 강남대로122길 30-10,37.5077808145126,127.025538286468
서초구,모너트,서울 강남구 선릉로68길 7,37.499041222284255,127.05237113214687
성동구,치카 성수,서울 성동구 뚝섬로1가길 14,37.54233119457231,127.04717370523126
성동구,터틀힙 성수,서울 성동구 왕십리로14길 23,37.5486069961473,127.046307436496
성동구,리브릭,서울 성동구 뚝섬로15길 29,37.53915476142036,127.06173733828007
성동구,디어벌스데이,서울 성동구 서울숲길 55,37.5482187719263,127.043663722195
성동구,타이파,서울 성동구 마조로 24,37.559822671852,127.041300504275
성동구,케이크달달,서울 성동구 무학로 10-1,37.56508332501429,127.03028909100367
성동구,아우어쥬빌리,서울 성동구 독서당로 269,37.547023341736896,127.01925993777436
성동구,조프리케이크,서울 성동구 성덕정길 42,37.5385483730862,127.048223596598
성동구,케이크숲,서울 성동구 마장로 187,37.5668482569082,127.030750491374
성동구,어썸스윗 성수,서울 성동구 뚝섬로 409,37.5386800214784,127.056147435828
성동구,오하이오옥수,서울 성동구 한림말길 48,37.54097540577803,127.01610145568475
성동구,메모레,서울 성동구 성수일로3길 7,37.5421651512737,127.047818574246
성동구,뵈르니,서울 성동구 성덕정5길 10,37.53935362287344,127.04881814754279
성동구,훌로훌로케이크,서울 성동구 성수이로6길 11,37.5366956363885,127.055046178563
성동구,라따뚜이케이크,서울 성동구 무학로 33,37.56746096081622,127.02695429937185
성동구,메이베이크,서울 성동구 왕십리로31길 6,37.5641883226149,127.027903887464
성동구,메이에르케이크,서울 성동구 무학봉21길 9,37.5622720556423,127.030909331236
성동구,글리터,서울 성동구 성수이로 18,37.5367564275508,127.054128616549
성동구,씨에이크,서울 성동구 왕십리로14길 24,37.548391711151915,127.04617037646982
성동구,꼬팡케이크,서울 성동구 왕십리로21나길 9,37.56007141694717,127.0324182479753
성동구,봉주공방,서울 성동구 마장로 137,37.5698595979306,127.026123179322
성동구,포레스트데이,서울 성동구 광나루로 130,37.5509781379049,127.04471212284868
성동구,세이케이크,서울 성동구 동일로 75,37.5396896478857,127.062322762315
성동구,그해그달 케이크,서울 성동구 무학봉26길 3,37.5620085858018,127.032324013371
성동구,보니케이크,서울 성동구 무학로8길 17,37.5655961841371,127.03293565060922
성동구,웜히어,서울 성동구 상원6가길 3,37.54836809723226,127.04887608074173
성동구,케익다방 성수점,서울 성동구 연무장9길 10-1,37.54317333683284,127.05608517561427
성동구,큐리크,서울 성동구 연무장길 27,37.5434443862646,127.052494964195
성동구,연디저트,서울 성동구 왕십리로21길 45-1,37.5592844988296,127.030336542322
성동구,마이블루 투모로우 서울숲점,서울 성동구 성덕정길 28,37.5390751628493,127.046716796512
성동구,벌스데이가든,서울 성동구 성덕정9가길 2,37.5394683673012,127.050209957421
성동구,리슨케이크,서울 성동구 아차산로7길 42,37.548656064905515,127.05577016348056
성동구,리틀웜히어,서울 성동구 상원6길 6,37.5484618272789,127.04881277078243
성동구,리프케이크,서울 성동구 독서당로 270,37.5466728234909,127.019440903737
성동구,제이델링 서울중구점,서울 중구 다산로44길 86,37.5648960072924,127.021698072648
성동구,페이지2726,서울 동대문구 고산자로30길 13,37.57598369928885,127.03904081160593
성동구,케키포유,서울 동대문구 천호대로37길 45,37.575214085791,127.042138783025
성동구,케이크케이크(K크CAKE),서울 동대문구 전농로 23,37.5672009447983,127.056494827027
성동구,아워오후,서울 동대문구 고산자로36길 3,37.5790380357851,127.039143162378
성동구,예삐케이크,서울 중구 다산로36길 36,37.561860412769626,127.01704536860967
성동구,케이크풀,서울 동대문구 답십리로 149,37.572998778502566,127.05664297029476
성동구,일층쌀가게,서울 종로구 숭인동길 67,37.5779514211928,127.021732426504
성동구,너디블루,서울 동대문구 전농로36길 9,37.5854270107495,127.052927490305
성동구,달달하니,서울 중구 청구로 91-3,37.560574392685,127.012169233303
성동구,보니또케이크,서울 동대문구 답십리로48길 4,37.572658528947734,127.0578279101467
성북구,샘케이크,서울 성북구 정릉로34길 11,37.60222212890534,127.01767515127864
성북구,니모스,서울 성북구 성북로8길 26-1,37.5914105407427,127.005208478542
성북구,버터바스켓,서울 성북구 지봉로 177-1,37.58515992646575,127.01846590892761
성북구,미미케이크,서울 성북구 보문로23길 4,37.5842407343233,127.019577472152
성북구,쥬롱쥬롱,서울 성북구 정릉로26길 51,37.603009330666545,127.01272877973877
성북구,맬크,서울 성북구 아리랑로4가길 5,37.5950755913373,127.016832137037
성북구,디오브,서울 성북구 동소문로20나길 24,37.5922868489181,127.01800343033
성북구,유니유니,서울 성북구 동소문로 248,37.6034669674644,127.024556276607
성북구,버터룸,서울 성북구 동소문로26길 28,37.593773104674696,127.02034767777998
성북구,카페지오 성신여대점,서울 성북구 동소문로24길 46,37.5917731872034,127.018623797909
성북구,메이크미해피,서울 성북구 고려대로26길 15,37.5855629989316,127.030025661661
성북구,찜했당,서울 성북구 동소문로6길 9-10,37.58860645609575,127.0085732869361
성북구,뭉베이크샵 Moong bake shop,서울 성북구 동소문로26가길 10,37.5944390088129,127.019930031607
성북구,바잇더스윗,서울 성북구 고려대로1길 50,37.587584433618,127.018875239272
성북구,조밀조밀,서울 성북구 월곡로 57-1,37.5976516250157,127.039191411815
성북구,스스쿠,서울 성북구 고려대로11길 65,37.588856387854875,127.02036332282553
성북구,오앤오케이크,서울 성북구 서경로18길 6,37.61036383552864,127.01506311738957
성북구,뮤츄얼,서울 성북구 성북로 24,37.5902032377792,127.004565270924
성북구,이크이크,서울 성북구 고려대로5길 99,37.5893388834438,127.017463770877
성북구,아해,서울 성북구 삼선교로2길 4,37.58800834347911,127.0062385674909
성북구,샤롱샤롱,서울 성북구 장월로1길 111,37.6043068245618,127.042980761331
성북구,카페노니다,서울 성북구 동소문로23길 16,37.59416100358903,127.01739242923934
성북구,플라씨케이크,서울 성북구 동소문로 27,37.589911966006774,127.00895274218698
성북구,은하수제과,서울 성북구 동소문로20나길 47,37.59305069349879,127.01924914739524
성북구,달콤맘케이크,서울 성북구 오패산로 46,37.60712721677931,127.0367784611201
성북구,일층쌀가게,서울 종로구 숭인동길 67,37.5779514211928,127.021732426504
성북구,바이미디저트,서울 종로구 대명1길 13,37.58298096440284,127.00080382668695
성북구,아임엘렌,서울 종로구 창경궁로 257,37.5844333683707,126.999972827866
성북구,케이크아이메이드 대학로본점,서울 종로구 대학로11길 32,37.582270984272,126.999995471442
성북구,달콤퐁당 고대점,서울 동대문구 안암로24길 8,37.5883888063929,127.035461510933
성북구,봉주공방,서울 성동구 마장로 137,37.5698595979306,127.026123179322
성북구,아워오후,서울 동대문구 고산자로36길 3,37.5790380357851,127.039143162378
성북구,라따뚜이케이크,서울 성동구 무학로 33,37.56746096081622,127.02695429937185
성북구,페이지2726,서울 동대문구 고산자로30길 13,37.57598369928885,127.03904081160593
성북구,알리케이크,서울 종로구 율곡로8길 9,37.5768430277696,126.990667319408
성북구,케이크숲,서울 성동구 마장로 187,37.5668482569082,127.030750491374
성북구,제이델링 서울중구점,서울 중구 다산로44길 86,37.5648960072924,127.021698072648
성북구,케키포유,서울 동대문구 천호대로37길 45,37.575214085791,127.042138783025
성북구,카페얼티밋,서울 종로구 계동길 57,37.5798699770015,126.986604955498
성북구,케이크달달,서울 성동구 무학로 10-1,37.56508332501429,127.03028909100367
성북구,메이베이크,서울 성동구 왕십리로31길 6,37.5641883226149,127.027903887464
성북구,보니케이크,서울 성동구 무학로8길 17,37.5655961841371,127.03293565060922
성북구,바유케이크,서울 동대문구 제기로 155-1,37.5860911829924,127.050551478538
성북구,미깡케이크&커피,서울 동대문구 회기로 127,37.59160428129323,127.05072504940387
성북구,앵초,서울 중구 창경궁로5길 18,37.5671882944508,126.996980060922
송파구,팻어케이크,서울 송파구 백제고분로45길 9,37.5092927372613,127.1101719753289
송파구,하프파운드,서울 송파구 백제고분로33길 10,37.503453407314495,127.0988787971026
송파구,쏘스윗마카롱,서울 송파구 송파대로42길 46,37.50722600923804,127.11190163708768
송파구,케이크만들기 단하나 신천점,서울 송파구 백제고분로7길 33,37.5109226057262,127.082630783986
송파구,유연,서울 송파구 양재대로72길 5,37.5101815377051,127.12766382598
송파구,멜팅피피,서울 송파구 백제고분로42길 19,37.5050332970266,127.11059096108
송파구,서커스래빗,서울 송파구 올림픽로35길 112,37.51807391546601,127.1021558507258
송파구,오구움,서울 송파구 가락로15길 1,37.5011365663893,127.106542200253
송파구,벨케이크,서울 송파구 백제고분로7길 58,37.5106864473674,127.085299818421
송파구,행복상점,서울 송파구 삼전로8길 5,37.505233887954795,127.0897315595038
송파구,체리오오체리,서울 송파구 백제고분로15길 42,37.50913613460871,127.0848614752473
송파구,아늑,서울 송파구 양재대로66길 44-12,37.4991159985261,127.12541940898
송파구,엘모리아케이크,서울 송파구 송파대로22길 24,37.4882960337149,127.124356532836
송파구,달복디저트,서울 송파구 새말로 161,37.4851209873103,127.130931776173
송파구,허니플로,서울 송파구 올림픽로 336,37.515342034259824,127.10728178860835
송파구,치크치크케이크,서울 송파구 송이로17길 1,37.4981253837932,127.121500428021
송파구,베라케이크,서울 송파구 오금로25길 23,37.506900086435,127.120804380112
송파구,케익판다,서울 송파구 새말로5길 6,37.483271632417235,127.1247190559634
송파구,달보드레,서울 송파구 마천로8길 11,37.5070804676602,127.127491156515
송파구,버터플라이케이크,서울 송파구 가락로9길 8,37.5007003101495,127.103695089287
송파구,플러디,서울 송파구 백제고분로50길 43,37.5129382140827,127.119427394324
송파구,케이크바이미,서울 송파구 백제고분로46길 25,37.5077531079091,127.113776511758
송파구,아멜리에즈베이커리,서울 송파구 백제고분로40길 19-23,37.5035337498623,127.10796607852
송파구,둡둡케이크,서울 송파구 가락로21길 4-30,37.5039822288925,127.111119828933
송파구,나원,서울 송파구 백제고분로34길 14-8,37.5013501026209,127.098228008471
송파구,위시어폰어케이크,서울 송파구 중대로20길 24,37.49766971159439,127.12809939086974
송파구,키키네케이크,서울 송파구 오금로 130,37.511283050723,127.109206708299
송파구,미유당 앙금플라워 떡케이크,서울 송파구 백제고분로11길 8-18,37.507197302835145,127.08082159449638
송파구,모어모어베이크샵,서울 송파구 풍성로26길 51,37.52971056582387,127.11652847511347
송파구,레코드케이크,서울 송파구 가락로19길 9,37.5030428174547,127.110761059143
송파구,디저트진진,서울 송파구 백제고분로42길 27-2,37.50441546586089,127.11127541286517
송파구,오몽카페,서울 송파구 송이로32길 4,37.4897679311172,127.128056496673
송파구,가또드리나,서울 송파구 백제고분로44길 13,37.5071555690731,127.11207231348372
송파구,양크림케이크,서울 송파구 가락로40길 3-23,37.51227889909221,127.12009933686299
송파구,띠또케이크,서울 송파구 거마로7길 9-16,37.4951838830529,127.143721984576
송파구,맘블리스케이크,서울 송파구 백제고분로32길 25,37.500195831315985,127.0950249220482
송파구,케익공방 잠실점,서울 송파구 백제고분로33길 30,37.5053220813169,127.0988914404
송파구,크리미디저트,서울 송파구 백제고분로41길 37,37.5088117839368,127.106033965806
송파구,홍홍케이크in송파,서울 송파구 동남로13길 47,37.4938493023552,127.124866685352
송파구,케이크가든,서울 송파구 오금로53길 14,37.49548909223926,127.14242551058156
송파구,이리베리,서울 송파구 송이로36길 62,37.4834646680437,127.127049638703
송파구,카페바이미,서울 송파구 백제고분로 423,37.5088703352484,127.110954026912
송파구,멜로드도산 롯데백화점잠실점,서울 송파구 올림픽로 240,37.51230029510645,127.09896964259154
송파구,제이에스디저트,서울 송파구 삼학사로 73,37.50380652249,127.096798308912
송파구,희스케이크,서울 송파구 백제고분로27길 26,37.505331772046,127.093633544745
양천구,히얼앤나우,서울 양천구 목동로21길 2-1,37.5255354898878,126.863443035458
양천구,쏘니니케이크,서울 양천구 목동중앙남로13길 20,37.5403941419016,126.864445611032
양천구,브라운잇케이크,서울 양천구 목동중앙본로7길 37,37.53940826993821,126.86666285383293
양천구,카페핑그르,서울 양천구 신목로5길 10,37.5180497337408,126.872924552109
양천구,해밍데이,서울 양천구 신목로2길 58,37.5228269643239,126.877294348771
양천구,예쁘당케이크,서울 양천구 목동동로14길 9,37.524363486681466,126.87248735757832
양천구,코모레비케이크,서울 양천구 목동중앙북로 15,37.5485501436922,126.865374620739
양천구,케이크라보,서울 양천구 은행정로5길 52,37.5204059824882,126.854307737396
양천구,할로나데이,서울 양천구 목동로23길 4,37.5273469374772,126.863040381671
양천구,씨더메종,서울 양천구 남부순환로83길 17,37.516533284120335,126.84089310459454
양천구,온케이크,서울 양천구 목동서로 133-2,37.5315932707498,126.876012851688
양천구,쇼케익스,서울 양천구 월정로50길 6,37.5416335769314,126.830679831125
양천구,베라앤케이크,서울 양천구 목동서로 213,37.5280177176707,126.870617856287
양천구,언제든지케이크,서울 양천구 은행정로6길 24,37.5214993959092,126.862230936739
양천구,리엔공방,서울 양천구 오목로13길 32,37.52562998707705,126.84510025619002
양천구,케이크바오,서울 양천구 목동동로12길 45,37.5225863296169,126.876365997816
양천구,밀클리케이크,서울 양천구 오목로 281,37.5258208404375,126.868770868016
양천구,마음숲미술관,서울 양천구 은행정로5길 36,37.52093583966029,126.8558315798118
양천구,홀포유,서울 양천구 목동중앙로 97,37.5378155466483,126.872596836229
양천구,레브케이크,서울 양천구 오목로32길 23,37.52277047638667,126.85525564281444
양천구,재재케이크,서울 양천구 목동로3길 57,37.5097083543456,126.863338410717
양천구,쥬슈앙케이크,서울 양천구 목동중앙북로7길 26,37.5488989384317,126.867863587736
양천구,꽃피는시루,서울 양천구 목동중앙로 49,37.5340315874665,126.869516789343
양천구,꾸꾸네,서울 구로구 신도림로19길 7,37.5111959368976,126.884461719309
양천구,데일리스위츠,서울 구로구 중앙로 9,37.4988576767889,126.864226702102
양천구,새론케이크,서울 영등포구 영등포로5길 31,37.5246479851615,126.884538266086
양천구,제이레서피,서울 구로구 경인로 638,37.5071809065842,126.886157627444
양천구,케이크츄,서울 구로구 구로중앙로 135-4,37.49987876097183,126.88298185562722
양천구,노해,서울 영등포구 영등포로 118,37.5213083940037,126.89462934501
양천구,달꽃상점,서울 구로구 공원로6나길 5-2,37.503734925683766,126.89035077518791
양천구,얌얌플레이트,서울 구로구 개봉로12길 9-40,37.4899579071681,126.856906545664
양천구,나카산,서울 영등포구 당산로41길 28,37.532321534422884,126.89689472238315
양천구,싸알공방,서울 영등포구 도림로115길 14-1,37.5092126399126,126.897954626558
양천구,고양이가밟은쿠키,서울 영등포구 양평로21가길 6,37.53785560519835,126.89298580429563
양천구,아코케이크,서울 구로구 고척로3길 13,37.49583605359658,126.84003235846663
양천구,케이키즘,서울 구로구 가마산로 268,37.49570880999934,126.89039756649639
양천구,앙금한설기,서울 구로구 공원로 41,37.5003872755731,126.889904440888
양천구,플로미니케이크,서울 영등포구 당산로38길 3-7,37.5293286607591,126.899274652699
양천구,플로아케이크,서울 강서구 등촌로39나길 8,37.5460909048262,126.861126523362
양천구,모로하비,서울 강서구 가로공원로76길 100,37.53284123215887,126.83876878849954
양천구,이파리클럽,서울 영등포구 국회대로46길 9,37.5246822444208,126.90476415717
양천구,쑤케이크,서울 영등포구 영중로3길 11,37.51652565340713,126.90499509691442
양천구,마마스플리에,서울 구로구 고척로 92,37.5006243839678,126.844369340764
양천구,오미미당,서울 영등포구 양산로 177,37.5232590032618,126.902970677669
양천구,케이크다이어리,서울 강서구 강서로31길 45,37.5392631118261,126.839102328561
영등포구,노해,서울 영등포구 영등포로 118,37.5213083940037,126.89462934501
영등포구,나카산,서울 영등포구 당산로41길 28,37.532321534422884,126.89689472238315
영등포구,고양이가밟은쿠키,서울 영등포구 양평로21가길 6,37.53785560519835,126.89298580429563
영등포구,클리케,서울 영등포구 국회대로54길 5-1,37.5247494913948,126.907756279001
영등포구,이파리클럽,서울 영등포구 국회대로46길 9,37.5246822444208,126.90476415717
영등포구,싸알공방,서울 영등포구 도림로115길 14-1,37.5092126399126,126.897954626558
영등포구,모퉁이디저트,서울 영등포구 신길로42길 26-1,37.5070310479803,126.913428570802
영등포구,베이지케이크샵,서울 영등포구 영중로 139,37.5287364666865,126.905530569707
영등포구,"케이크 모행, 모든 날이 행복하기를",서울 영등포구 여의대방로61길 40,37.5157399876261,126.922257187849
영등포구,플로미니케이크,서울 영등포구 당산로38길 3-7,37.5293286607591,126.899274652699
영등포구,케이크야,서울 영등포구 버드나루로19길 7,37.5283683385544,126.907147695898
영등포구,디저트초방,서울 영등포구 당산로54길 11,37.5346610327836,126.90501169551
영등포구,베즐리 더현대서울점,서울 영등포구 여의대로 108,37.52597374621065,126.92821863811953
영등포구,쑤케이크,서울 영등포구 영중로3길 11,37.51652565340713,126.90499509691442
영등포구,새론케이크,서울 영등포구 영등포로5길 31,37.5246479851615,126.884538266086
영등포구,라벤더박스케이크,서울 영등포구 의사당대로 127,37.52027560179031,126.92642096125778
영등포구,꼬모케이크,서울 영등포구 국회대로50길 20,37.523360249401,126.905606355117
영등포구,묘묘씨,서울 영등포구 당산로52길 31-1,37.53329343345848,126.90516051181635
영등포구,스윗아몬드,서울 영등포구 국제금융로 86,37.52020584896475,126.93179988990671
영등포구,오미미당,서울 영등포구 양산로 177,37.5232590032618,126.902970677669
영등포구,베이끵,서울 영등포구 국회대로50길 20,37.5230583298199,126.905501529828
영등포구,하오나공방,서울 영등포구 선유로55길 20-1,37.538407998522125,126.89713187264726
영등포구,해밍데이,서울 양천구 신목로2길 58,37.5228269643239,126.877294348771
영등포구,꾸꾸네,서울 구로구 신도림로19길 7,37.5111959368976,126.884461719309
영등포구,온케이크,서울 양천구 목동서로 133-2,37.5315932707498,126.876012851688
영등포구,케이크바오,서울 양천구 목동동로12길 45,37.5225863296169,126.876365997816
영등포구,예쁘당케이크,서울 양천구 목동동로14길 9,37.524363486681466,126.87248735757832
영등포구,카페핑그르,서울 양천구 신목로5길 10,37.5180497337408,126.872924552109
영등포구,카페카카,서울 마포구 망원로 54-1,37.5567689026162,126.902872920191
영등포구,베라앤케이크,서울 양천구 목동서로 213,37.5280177176707,126.870617856287
영등포구,구르미과자점,서울 마포구 포은로 12,37.549306744479,126.909559281853
영등포구,먼슬리케이크,서울 마포구 월드컵로5길 93,37.5500055229819,126.907881330853
영등포구,제이레서피,서울 구로구 경인로 638,37.5071809065842,126.886157627444
영등포구,뮤르뮤르,서울 마포구 와우산로11길 25,37.548660367327145,126.92166058935089
영등포구,베니케이크,서울 마포구 독막로15길 17,37.5485191107337,126.92196288201
영등포구,위켄드케이크,서울 마포구 망원로2길 69,37.55415248459744,126.90296798471847
영등포구,히얼앤나우,서울 양천구 목동로21길 2-1,37.5255354898878,126.863443035458
영등포구,달꽃상점,서울 구로구 공원로6나길 5-2,37.503734925683766,126.89035077518791
영등포구,밀클리케이크,서울 양천구 오목로 281,37.5258208404375,126.868770868016
영등포구,레이지독케이크,서울 마포구 포은로8길 28-6,37.5563428740222,126.906396600701
영등포구,오월이구,서울 동작구 여의대방로54길 14,37.5118910577179,126.92673345209
영등포구,케이크예스플리즈,서울 마포구 독막로7길 45,37.5498401809294,126.919585042823
영등포구,옐로우벌스데이,서울 마포구 독막로4길 11,37.5475615194088,126.916929329319
영등포구,케이크츄,서울 구로구 구로중앙로 135-4,37.49987876097183,126.88298185562722
영등포구,브라운잇케이크,서울 양천구 목동중앙본로7길 37,37.53940826993821,126.86666285383293
용산구,다음에또봐,서울 용산구 한강대로 54-1,37.52550826569856,126.96475832993728
용산구,로미스베이커리,서울 용산구 녹사평대로40길 43-6,37.5347518213194,126.988378045844
용산구,라이비 케이크아웃,서울 용산구 회나무로13가길 28,37.540931114325694,126.99104972316042
용산구,영앤스윗 케이크,서울 용산구 한강대로 69,37.527040910089,126.964892234142
용산구,떠카나주,서울 용산구 녹사평대로46길 10,37.53726010818247,126.9874136537948
용산구,레드제이케이크,서울 용산구 한강대로80길 11-12,37.5431143243894,126.973585163928
용산구,띤보케이크,서울 용산구 새창로14길 27,37.538398855271,126.959064335226
용산구,위티스위티,서울 용산구 이태원로26길 16,37.5336962295625,126.993290769387
용산구,제이제이씨스터즈,서울 용산구 한강대로46길 15,37.531210638963586,126.97115352880036
은평구,가을이네케이크,서울 은평구 역말로6길 12-7,37.60427901663367,126.91428086472126
은평구,안아줘베이킹,서울 은평구 연서로20길 6-10,37.6136225040826,126.91841777460503
은평구,이심전심,서울 은평구 응암로 298,37.5980010239618,126.920887563451
은평구,케이크를부탁해 연신내역점,서울 은평구 연서로29길 8,37.618959637645304,126.91926259743217
은평구,유일케이크,서울 은평구 통일로 745-9,37.6114267758647,126.928086752703
은평구,플라워팟,서울 은평구 증산로15가길 10-1,37.58984970238255,126.91191062454409
은평구,소재,서울 은평구 증산서길 101,37.5851181897641,126.907844872898
은평구,메이드인지인,서울 은평구 통일로71길 32-4,37.6121950079048,126.927577478808
은평구,팬토리케이크,서울 은평구 연서로13길 5-6,37.609159259478275,126.91494912939227
은평구,디얼러브케이크,서울 은평구 통일로73길 27,37.6145869201411,126.921605071586
은평구,썬메일베이커리,서울 은평구 백련산로 151,37.59863650769208,126.92547872059232
은평구,맘대롱스튜디오,서울 은평구 갈현로 307,37.624246790947566,126.91689730801151
은평구,동그리케이크,서울 은평구 연서로27길 25-1,37.61848930998411,126.91665339248873
은평구,다과한,서울 은평구 갈현로29길 18,37.6199333325857,126.913782625945
은평구,라이마이미,서울 은평구 서오릉로 107,37.60928616717159,126.91991181273848
은평구,냐냐케이크,서울 은평구 갈현로36길 7,37.6216677531417,126.917593413588
은평구,르오케이크,서울 은평구 은평터널로7길 2,37.59255996712845,126.90617009136537
은평구,밈밈케이쿠,서울 은평구 증산로21길 7-5,37.5955598479479,126.913892283627
은평구,위트케이크,서울 은평구 진흥로 184,37.608223920297114,126.92985092460509
은평구,꽃가루,서울 은평구 진흥로5길 7-1,37.602663964603,126.920017435416
은평구,하니당,서울 은평구 갈현로4길 28-1,37.6010230771499,126.913374132173
은평구,땡땡케이크,서울 은평구 진관4로 77,37.646893416975956,126.92845029667382
은평구,카페더루앤,서울 은평구 갈현로 273,37.621243494569065,126.91646341740427
은평구,케이크소원,서울 은평구 통일로 843,37.6184357387538,126.921300868516
은평구,맑은날케이크,서울 은평구 증산서길 69,37.5828135550456,126.905696633853
은평구,벨라보스코,서울 서대문구 홍제내길 168,37.5891059935987,126.938270112957
은평구,쿠들리,서울 서대문구 세무서7길 8,37.5914183450083,126.946482879389
은평구,멜로우문,서울 서대문구 명지대7길 13,37.58379522282792,126.92245592571042
은평구,도롱제과,서울 서대문구 증가로24바길 70,37.582957842912634,126.91923582856482
은평구,밍스케이크,서울 서대문구 통일로34길 35,37.586249853964205,126.9496737218922
은평구,미요케이크 앙금플라워떡케이크,서울 서대문구 증가로 214,37.5809980744025,126.915226844683
은평구,앵두네과자점,서울 서대문구 증가로10길 70-8,37.57946538302665,126.92577972412906
은평구,달다구리제작소,서울 서대문구 통일로27길 5,37.5835051681788,126.949065336398
은평구,생화케이크 프케르,서울 서대문구 거북골로22길 49-2,37.5809705820563,126.909741756981
은평구,온정케이크&디저트,서울 서대문구 거북골로 43,37.5788906840334,126.92317422784717
은평구,허니드로우,서울 서대문구 불광천길 162,37.5822974447325,126.909349566989
은평구,파묵깔레,서울 종로구 평창문화로 56,37.605685084295594,126.96749061966662
은평구,에이크,경기 고양시 덕양구 향기로 56,37.5949824377762,126.892117079156
은평구,부흥떡방,서울 종로구 평창11길 8,37.60634981763912,126.96678251517498
은평구,서오릉제빵소,경기 고양시 덕양구 서오릉로 396-9,37.62611129783023,126.89681515343763
은평구,연희동오븐,서울 서대문구 연희로11나길 7-5,37.5673863816351,126.928263810755
은평구,베티케이크,서울 마포구 성암로 209,37.578102648985286,126.89648294884391
은평구,포싵,서울 서대문구 연희로12길 10-4,37.566572026251116,126.93154257889677
은평구,마름모커피,서울 마포구 성암로13길 46,37.57616097772663,126.89748183770523
은평구,굿나이스파인케이크샵,서울 마포구 성암로11길 28,37.57324553894677,126.90193460382793
종로구,카페얼티밋,서울 종로구 계동길 57,37.5798699770015,126.986604955498
종로구,케이크아이메이드 대학로본점,서울 종로구 대학로11길 32,37.582270984272,126.999995471442
종로구,바이미디저트,서울 종로구 대명1길 13,37.58298096440284,127.00080382668695
종로구,아임엘렌,서울 종로구 창경궁로 257,37.5844333683707,126.999972827866
종로구,꽃의온도,서울 종로구 경교장길 35,37.56853739298439,126.96517386059503
종로구,겸재케이크,서울 종로구 필운대로2길 23,37.5791820849435,126.969668971678
종로구,파묵깔레,서울 종로구 평창문화로 56,37.605685084295594,126.96749061966662
종로구,알리케이크,서울 종로구 율곡로8길 9,37.5768430277696,126.990667319408
종로구,일층쌀가게,서울 종로구 숭인동길 67,37.5779514211928,127.021732426504
종로구,부흥떡방,서울 종로구 평창11길 8,37.60634981763912,126.96678251517498
종로구,달곰,서울 종로구 새문안로5길 37,37.5736474553181,126.974212836277
종로구,밍스케이크,서울 서대문구 통일로34길 35,37.586249853964205,126.9496737218922
종로구,뮤츄얼,서울 성북구 성북로 24,37.5902032377792,127.004565270924
종로구,니모스,서울 성북구 성북로8길 26-1,37.5914105407427,127.005208478542
종로구,쿠들리,서울 서대문구 세무서7길 8,37.5914183450083,126.946482879389
종로구,달다구리제작소,서울 서대문구 통일로27길 5,37.5835051681788,126.949065336398
종로구,아해,서울 성북구 삼선교로2길 4,37.58800834347911,127.0062385674909
종로구,찜했당,서울 성북구 동소문로6길 9-10,37.58860645609575,127.0085732869361
종로구,샘케이크,서울 성북구 정릉로34길 11,37.60222212890534,127.01767515127864
종로구,쥬롱쥬롱,서울 성북구 정릉로26길 51,37.603009330666545,127.01272877973877
종로구,해피베어데이 명동,서울 중구 남대문로 81,37.5648965895365,126.981742831759
종로구,앵초,서울 중구 창경궁로5길 18,37.5671882944508,126.996980060922
종로구,플라씨케이크,서울 성북구 동소문로 27,37.589911966006774,127.00895274218698
종로구,맬크,서울 성북구 아리랑로4가길 5,37.5950755913373,127.016832137037
종로구,버터바스켓,서울 성북구 지봉로 177-1,37.58515992646575,127.01846590892761
종로구,금붕어,서울 중구 퇴계로44길 1,37.5617219618888,126.997482813428
종로구,디오브,서울 성북구 동소문로20나길 24,37.5922868489181,127.01800343033
종로구,벨라보스코,서울 서대문구 홍제내길 168,37.5891059935987,126.938270112957
종로구,카페지오 성신여대점,서울 성북구 동소문로24길 46,37.5917731872034,127.018623797909
종로구,미미케이크,서울 성북구 보문로23길 4,37.5842407343233,127.019577472152
종로구,바잇더스윗,서울 성북구 고려대로1길 50,37.587584433618,127.018875239272
종로구,버터룸,서울 성북구 동소문로26길 28,37.593773104674696,127.02034767777998
종로구,뭉베이크샵 Moong bake shop,서울 성북구 동소문로26가길 10,37.5944390088129,127.019930031607
종로구,이크이크,서울 성북구 고려대로5길 99,37.5893388834438,127.017463770877
종로구,카페노니다,서울 성북구 동소문로23길 16,37.59416100358903,127.01739242923934
종로구,스스쿠,서울 성북구 고려대로11길 65,37.588856387854875,127.02036332282553
종로구,오앤오케이크,서울 성북구 서경로18길 6,37.61036383552864,127.01506311738957
종로구,은하수제과,서울 성북구 동소문로20나길 47,37.59305069349879,127.01924914739524
종로구,유니유니,서울 성북구 동소문로 248,37.6034669674644,127.024556276607
종로구,와구와구케이크,서울 서대문구 신촌로29길 16,37.5576596901453,126.952352608687
종로구,썬메일베이커리,서울 은평구 백련산로 151,37.59863650769208,126.92547872059232
종로구,위트케이크,서울 은평구 진흥로 184,37.608223920297114,126.92985092460509
종로구,스윗드로우케이크,서울 서대문구 이화여대길 52-11,37.55934051523497,126.94512391241429
종로구,유일케이크,서울 은평구 통일로 745-9,37.6114267758647,126.928086752703
종로구,헬로케이크,서울 서대문구 이화여대1길 34,37.557338800600434,126.9438476210223
중구,리프커피,서울 중구 동호로 195-15,37.554988458936315,127.00944425888117
중구,금붕어,서울 중구 퇴계로44길 1,37.5617219618888,126.997482813428
중구,달달하니,서울 중구 청구로 91-3,37.560574392685,127.012169233303
중구,제이델링 서울중구점,서울 중구 다산로44길 86,37.5648960072924,127.021698072648
중구,앵초,서울 중구 창경궁로5길 18,37.5671882944508,126.996980060922
중구,해피베어데이 명동,서울 중구 남대문로 81,37.5648965895365,126.981742831759
중구,예삐케이크,서울 중구 다산로36길 36,37.561860412769626,127.01704536860967
중구,삼삼삼베이커리,서울 중구 청구로17길 92,37.5572660336505,127.011132002108
중구,욜커피앤케이크,서울 중구 다산로 32,37.548031016621486,127.00857769060754
중구,알리케이크,서울 종로구 율곡로8길 9,37.5768430277696,126.990667319408
중구,카페얼티밋,서울 종로구 계동길 57,37.5798699770015,126.986604955498
중구,케이크아이메이드 대학로본점,서울 종로구 대학로11길 32,37.582270984272,126.999995471442
중구,바이미디저트,서울 종로구 대명1길 13,37.58298096440284,127.00080382668695
중구,아임엘렌,서울 종로구 창경궁로 257,37.5844333683707,126.999972827866
중구,아우어쥬빌리,서울 성동구 독서당로 269,37.547023341736896,127.01925993777436
중구,라이비 케이크아웃,서울 용산구 회나무로13가길 28,37.540931114325694,126.99104972316042
중구,라따뚜이케이크,서울 성동구 무학로 33,37.56746096081622,127.02695429937185
중구,케이크달달,서울 성동구 무학로 10-1,37.56508332501429,127.03028909100367
중구,봉주공방,서울 성동구 마장로 137,37.5698595979306,127.026123179322
중구,메이베이크,서울 성동구 왕십리로31길 6,37.5641883226149,127.027903887464
중구,케이크숲,서울 성동구 마장로 187,37.5668482569082,127.030750491374
중구,달곰,서울 종로구 새문안로5길 37,37.5736474553181,126.974212836277
중구,오하이오옥수,서울 성동구 한림말길 48,37.54097540577803,127.01610145568475
중구,일층쌀가게,서울 종로구 숭인동길 67,37.5779514211928,127.021732426504
중구,로미스베이커리,서울 용산구 녹사평대로40길 43-6,37.5347518213194,126.988378045844
중구,니모스,서울 성북구 성북로8길 26-1,37.5914105407427,127.005208478542
중구,버터바스켓,서울 성북구 지봉로 177-1,37.58515992646575,127.01846590892761
중구,미미케이크,서울 성북구 보문로23길 4,37.5842407343233,127.019577472152
중구,꽃의온도,서울 종로구 경교장길 35,37.56853739298439,126.96517386059503
중구,메이에르케이크,서울 성동구 무학봉21길 9,37.5622720556423,127.030909331236
중구,떠카나주,서울 용산구 녹사평대로46길 10,37.53726010818247,126.9874136537948
중구,겸재케이크,서울 종로구 필운대로2길 23,37.5791820849435,126.969668971678
중구,찜했당,서울 성북구 동소문로6길 9-10,37.58860645609575,127.0085732869361
중구,레드제이케이크,서울 용산구 한강대로80길 11-12,37.5431143243894,126.973585163928
중구,꼬팡케이크,서울 성동구 왕십리로21나길 9,37.56007141694717,127.0324182479753
중구,그해그달 케이크,서울 성동구 무학봉26길 3,37.5620085858018,127.032324013371
중구,연디저트,서울 성동구 왕십리로21길 45-1,37.5592844988296,127.030336542322
중구,보니케이크,서울 성동구 무학로8길 17,37.5655961841371,127.03293565060922
중구,아해,서울 성북구 삼선교로2길 4,37.58800834347911,127.0062385674909
중구,뮤츄얼,서울 성북구 성북로 24,37.5902032377792,127.004565270924
중구,바잇더스윗,서울 성북구 고려대로1길 50,37.587584433618,127.018875239272
중구,위티스위티,서울 용산구 이태원로26길 16,37.5336962295625,126.993290769387
중구,리프케이크,서울 성동구 독서당로 270,37.5466728234909,127.019440903737
중구,플라씨케이크,서울 성북구 동소문로 27,37.589911966006774,127.00895274218698
중구,이크이크,서울 성북구 고려대로5길 99,37.5893388834438,127.017463770877
중랑구,기글케이크,서울 중랑구 면목로92다길 10,37.5949703205153,127.087710418535
중랑구,케이크쥐,서울 중랑구 면목로43길 46,37.5815679605209,127.085387415158
중랑구,꾸움케이크,서울 중랑구 면목로56길 63,37.5839353020428,127.092006487563
중랑구,하마마베이크,서울 중랑구 동일로149길 49,37.6062915610183,127.075560626143
중랑구,하찌케이크,서울 중랑구 겸재로15길 9,37.5872350547798,127.080473284636
중랑구,빨대소리,서울 중랑구 답십리로75길 46,37.5736764670034,127.081110729946
중랑구,지니떡방,서울 중랑구 중랑천로10길 87,37.5928248060675,127.077791225213
중랑구,그라미케이크,서울 중랑구 겸재로40길 15,37.5875031823673,127.087329155949
중랑구,암오케익,서울 중랑구 동일로140길 15,37.60436594740575,127.07996400228515
중랑구,페즈케이크,서울 중랑구 공릉로 19,37.6125889426292,127.077767636543
중랑구,케익커리퐁당,서울 중랑구 용마산로 516,37.59697927189815,127.10046770135006
중랑구,러버떡케이크,서울 중랑구 상봉중앙로5다길 36,37.5988356465342,127.086387794573
중랑구,커스버트케이크,서울 중랑구 용마산로 560,37.6008975125998,127.10066434927107
중랑구,일상화,서울 중랑구 사가정로43길 32,37.58250622376121,127.08493110108576
중랑구,위자드쏘어,서울 중랑구 봉우재로57길 46,37.5967135274399,127.094968614236
중랑구,소미다미,서울 중랑구 면목로56길 23,37.5841091071878,127.089778596854
중랑구,츄카츄카케이크,서울 중랑구 망우로55길 46,37.5991644955715,127.094628613739
중랑구,로코케이크,서울 중랑구 봉화산로 101,37.6025907466697,127.085463529996
중랑구,에스텔플라워케이크,서울 중랑구 상봉로15다길 14,37.5911157491285,127.091442396067
중랑구,딜리셔스플라워,서울 중랑구 상봉로 11,37.586912132006205,127.09435269275541
중랑구,달콤한나들이,서울 중랑구 면목로54길 68,37.5831972357414,127.092202573877
중랑구,지니양과점,서울 중랑구 면목로35길 24,37.5785897609308,127.084713820659
중랑구,디저트흰,서울 중랑구 공릉로2나길 44,37.61414198524611,127.0795123594753
중랑구,로벨리아,서울 중랑구 면목로56길 40,37.5838688187393,127.090595730223
중랑구,버터스토리,서울 중랑구 신내로7길 16,37.602374673693376,127.09580815628414
중랑구,플라워 스트릿,서울 중랑구 동일로140길 25,37.604433105677,127.08057561068
중랑구,디저트조이,서울 노원구 동일로176길 11-13,37.62061920811469,127.07536217298613
중랑구,그대로양과자점,서울 노원구 동일로182길 50,37.623257220375095,127.07688046962522
중랑구,다람케이크,서울 노원구 동일로178길 10,37.6210689103906,127.075190452372
중랑구,오월오일,서울 노원구 동일로180길 37-7,37.6229936809715,127.076186951216
중랑구,언제나케이크,서울 노원구 공릉로 191-45,37.6264350114203,127.078235183388
중랑구,미밀케이크,서울 동대문구 신이문로 10,37.6028507074529,127.063258726934
중랑구,베이킹덕,서울 노원구 동일로192길 80,37.62718084872259,127.07713939529668
중랑구,퐁당케이크,서울 노원구 화랑로47길 23,37.6161546652232,127.066622648329
중랑구,탭하트케이크,서울 동대문구 휘경로23길 6,37.5947983343387,127.065312748838
중랑구,파티스리소소,서울 동대문구 망우로20길 91,37.5909661764978,127.06734295861
중랑구,팅키케이크,서울 동대문구 휘경로2길 40,37.59446507520007,127.06001884264522
중랑구,그림제과,서울 동대문구 사가정로25가길 15,37.5811210772417,127.071844463543
중랑구,츄르케이크,서울 동대문구 경희대로4길 79,37.5914331658876,127.056514271492
중랑구,한드케이크,서울 노원구 공릉로58다길 5,37.636200532218,127.074467009696
중랑구,문웨이브,경기 구리시 갈매중앙로 89-8,37.632767331373685,127.11717522478108
중랑구,크렘드유끼,서울 동대문구 장한로36길 10,37.5774209953057,127.07282580565
중랑구,몽몽,서울 동대문구 회기로23길 14,37.5913143881932,127.054267745397
중랑구,수수꽃다리,경기 구리시 이문안로5번길 14,37.5925118219083,127.1319258817
중랑구,스윗플룸,서울 동대문구 답십리로63길 100,37.5770392888301,127.069309255316
